{
    "name": "root",
    "gauges": {
        "Enemy.Policy.Entropy.mean": {
            "value": 1.6854287385940552,
            "min": 1.6854287385940552,
            "max": 3.8794450759887695,
            "count": 50
        },
        "Enemy.Policy.Entropy.sum": {
            "value": 16989.12109375,
            "min": 16989.12109375,
            "max": 41029.01171875,
            "count": 50
        },
        "Enemy.Environment.EpisodeLength.mean": {
            "value": 166.67924528301887,
            "min": 140.4848484848485,
            "max": 515.1578947368421,
            "count": 50
        },
        "Enemy.Environment.EpisodeLength.sum": {
            "value": 8834.0,
            "min": 5907.0,
            "max": 14371.0,
            "count": 50
        },
        "Enemy.Step.mean": {
            "value": 499973.0,
            "min": 9987.0,
            "max": 499973.0,
            "count": 50
        },
        "Enemy.Step.sum": {
            "value": 499973.0,
            "min": 9987.0,
            "max": 499973.0,
            "count": 50
        },
        "Enemy.Policy.ExtrinsicValueEstimate.mean": {
            "value": 0.6980182528495789,
            "min": -0.0003984951472375542,
            "max": 0.9061290621757507,
            "count": 50
        },
        "Enemy.Policy.ExtrinsicValueEstimate.sum": {
            "value": 127.03932189941406,
            "min": -0.07292461395263672,
            "max": 168.54000854492188,
            "count": 50
        },
        "Enemy.Policy.GailValueEstimate.mean": {
            "value": -0.00013692036736756563,
            "min": -0.014417394995689392,
            "max": 0.018872221931815147,
            "count": 50
        },
        "Enemy.Policy.GailValueEstimate.sum": {
            "value": -0.024919506162405014,
            "min": -2.4797918796539307,
            "max": 3.4536166191101074,
            "count": 50
        },
        "Enemy.Environment.CumulativeReward.mean": {
            "value": 1.6981132075471699,
            "min": -0.08695652173913043,
            "max": 1.9310344827586208,
            "count": 50
        },
        "Enemy.Environment.CumulativeReward.sum": {
            "value": 90.0,
            "min": -4.0,
            "max": 121.0,
            "count": 50
        },
        "Enemy.Policy.ExtrinsicReward.mean": {
            "value": 1.6981132075471699,
            "min": -0.08695652173913043,
            "max": 1.9310344827586208,
            "count": 50
        },
        "Enemy.Policy.ExtrinsicReward.sum": {
            "value": 90.0,
            "min": -4.0,
            "max": 121.0,
            "count": 50
        },
        "Enemy.Policy.GailReward.mean": {
            "value": 0.0,
            "min": 0.0,
            "max": 0.0,
            "count": 50
        },
        "Enemy.Policy.GailReward.sum": {
            "value": 0.0,
            "min": 0.0,
            "max": 0.0,
            "count": 50
        },
        "Enemy.Losses.PolicyLoss.mean": {
            "value": 0.24978209145491387,
            "min": 0.23532385019559504,
            "max": 0.2504978080855036,
            "count": 50
        },
        "Enemy.Losses.PolicyLoss.sum": {
            "value": 18.483874767663625,
            "min": 14.769294247589963,
            "max": 19.219691637227044,
            "count": 50
        },
        "Enemy.Losses.ValueLoss.mean": {
            "value": 0.05377587340401575,
            "min": 0.027890906576718034,
            "max": 0.08668080800163147,
            "count": 50
        },
        "Enemy.Losses.ValueLoss.sum": {
            "value": 3.9794146318971655,
            "min": 2.0684080473857476,
            "max": 6.327698984119097,
            "count": 50
        },
        "Enemy.Policy.LearningRate.mean": {
            "value": 2.949512530375678e-06,
            "min": 2.949512530375678e-06,
            "max": 0.0002965674208163246,
            "count": 50
        },
        "Enemy.Policy.LearningRate.sum": {
            "value": 0.00021826392724780017,
            "min": 0.00021826392724780017,
            "max": 0.0214868429377192,
            "count": 50
        },
        "Enemy.Policy.Epsilon.mean": {
            "value": 0.10098313783783784,
            "min": 0.10098313783783784,
            "max": 0.19885580655737706,
            "count": 50
        },
        "Enemy.Policy.Epsilon.sum": {
            "value": 7.4727522,
            "min": 7.4727522,
            "max": 14.8622808,
            "count": 50
        },
        "Enemy.Policy.Beta.mean": {
            "value": 1.481737540540541e-05,
            "min": 1.481737540540541e-05,
            "max": 0.0004943934521311474,
            "count": 50
        },
        "Enemy.Policy.Beta.sum": {
            "value": 0.0010964857800000003,
            "min": 0.0010964857800000003,
            "max": 0.03586517592,
            "count": 50
        },
        "Enemy.Policy.GAILPolicyEstimate.mean": {
            "value": 0.11886617023579361,
            "min": 0.055721896039202634,
            "max": 0.31203844752037696,
            "count": 50
        },
        "Enemy.Policy.GAILPolicyEstimate.sum": {
            "value": 8.796096597448727,
            "min": 3.956254618783387,
            "max": 19.034345298742995,
            "count": 50
        },
        "Enemy.Policy.GAILExpertEstimate.mean": {
            "value": 0.8723520532468875,
            "min": 0.6871534771340211,
            "max": 0.934923286800076,
            "count": 50
        },
        "Enemy.Policy.GAILExpertEstimate.sum": {
            "value": 64.55405194026967,
            "min": 41.91636210517529,
            "max": 70.91573072409471,
            "count": 50
        },
        "Enemy.Losses.GAILLoss.mean": {
            "value": 0.3317036583663801,
            "min": 0.15396524211592122,
            "max": 0.8177865818097121,
            "count": 50
        },
        "Enemy.Losses.GAILLoss.sum": {
            "value": 24.546070719112127,
            "min": 10.931532190230406,
            "max": 49.884981490392434,
            "count": 50
        },
        "Enemy.Policy.GAILGradMagLoss.mean": {
            "value": 0.02987989403035636,
            "min": 0.02716465294617929,
            "max": 0.2755573503778873,
            "count": 50
        },
        "Enemy.Policy.GAILGradMagLoss.sum": {
            "value": 2.2111121582463706,
            "min": 2.0101843180172674,
            "max": 16.808998373051125,
            "count": 50
        },
        "Enemy.Losses.PretrainingLoss.mean": {
            "value": 0.0,
            "min": 0.0,
            "max": 0.0,
            "count": 50
        },
        "Enemy.Losses.PretrainingLoss.sum": {
            "value": 0.0,
            "min": 0.0,
            "max": 0.0,
            "count": 50
        },
        "Enemy.IsTraining.mean": {
            "value": 1.0,
            "min": 1.0,
            "max": 1.0,
            "count": 50
        },
        "Enemy.IsTraining.sum": {
            "value": 1.0,
            "min": 1.0,
            "max": 1.0,
            "count": 50
        }
    },
    "metadata": {
        "timer_format_version": "0.1.0",
        "start_time_seconds": "1680627724",
        "python_version": "3.7.9 (tags/v3.7.9:13c94747c7, Aug 17 2020, 18:58:18) [MSC v.1900 64 bit (AMD64)]",
        "command_line_arguments": "C:\\Users\\thoma\\OneDrive - University of Sussex\\Year 3\\Individual Project\\Code\\Final Year Project\\venv\\Scripts\\mlagents-learn config\\config.yaml --run-id=NonMovingTarget_7",
        "mlagents_version": "0.26.0",
        "mlagents_envs_version": "0.26.0",
        "communication_protocol_version": "1.5.0",
        "pytorch_version": "1.7.1+cu110",
        "numpy_version": "1.21.6",
        "end_time_seconds": "1680629258"
    },
    "total": 1533.5595686000001,
    "count": 1,
    "self": 0.008451700000023266,
    "children": {
        "run_training.setup": {
            "total": 0.0690328,
            "count": 1,