{
    "name": "root",
    "gauges": {
        "Enemy.Policy.Entropy.mean": {
            "value": 1.670202374458313,
            "min": 1.670202374458313,
            "max": 2.2441132068634033,
            "count": 3
        },
        "Enemy.Policy.Entropy.sum": {
            "value": 16595.130859375,
            "min": 16595.130859375,
            "max": 23266.96484375,
            "count": 3
        },
        "Enemy.Environment.EpisodeLength.mean": {
            "value": 943.6666666666666,
            "min": 102.9,
            "max": 943.6666666666666,
            "count": 3
        },
        "Enemy.Environment.EpisodeLength.sum": {
            "value": 5662.0,
            "min": 1029.0,
            "max": 13875.0,
            "count": 3
        },
        "Enemy.Step.mean": {
            "value": 29944.0,
            "min": 9999.0,
            "max": 29944.0,
            "count": 3
        },
        "Enemy.Step.sum": {
            "value": 29944.0,
            "min": 9999.0,
            "max": 29944.0,
            "count": 3
        },
        "Enemy.Policy.ExtrinsicValueEstimate.mean": {
            "value": -0.0026773628778755665,
            "min": -0.0026773628778755665,
            "max": 0.03603066876530647,
            "count": 3
        },
        "Enemy.Policy.ExtrinsicValueEstimate.sum": {
            "value": -0.4230233430862427,
            "min": -0.4230233430862427,
            "max": 5.800937652587891,
            "count": 3
        },
        "Enemy.Policy.GailValueEstimate.mean": {
            "value": 17.65378761291504,
            "min": 17.65378761291504,
            "max": 24.091867446899414,
            "count": 3
        },
        "Enemy.Policy.GailValueEstimate.sum": {
            "value": 2789.298583984375,
            "min": 2789.298583984375,
            "max": 3951.06640625,
            "count": 3
        },
        "Enemy.Environment.CumulativeReward.mean": {
            "value": 0.3333333333333333,
            "min": -0.1,
            "max": 0.5555555555555556,
            "count": 3
        },
        "Enemy.Environment.CumulativeReward.sum": {
            "value": 2.0,
            "min": -1.0,
            "max": 10.0,
            "count": 3
        },
        "Enemy.Policy.ExtrinsicReward.mean": {
            "value": 0.3333333333333333,
            "min": -0.1,
            "max": 0.5555555555555556,
            "count": 3
        },
        "Enemy.Policy.ExtrinsicReward.sum": {
            "value": 2.0,
            "min": -1.0,
            "max": 10.0,
            "count": 3
        },
        "Enemy.Policy.GailReward.mean": {
            "value": 219.17294470469156,
            "min": 27.368598067760466,
            "max": 228.0056069162157,
            "count": 3
        },
        "Enemy.Policy.GailReward.sum": {
            "value": 1315.0376682281494,
            "min": 273.6859806776047,
            "max": 4104.100924491882,
            "count": 3
        },
        "Enemy.Losses.PolicyLoss.mean": {
            "value": 0.24514607683450926,
            "min": 0.24514607683450926,
            "max": 0.24626492755988297,
            "count": 3
        },
        "Enemy.Losses.PolicyLoss.sum": {
            "value": 15.934494994243101,
            "min": 11.328186667754617,
            "max": 16.216965305734057,
            "count": 3
        },
        "Enemy.Losses.ValueLoss.mean": {
            "value": 3.3474625264646036,
            "min": 3.3474625264646036,
            "max": 21.50372827291849,
            "count": 3
        },
        "Enemy.Losses.ValueLoss.sum": {
            "value": 217.58506422019923,
            "min": 217.58506422019923,
            "max": 989.1715005542505,
            "count": 3
        },
        "Enemy.Policy.LearningRate.mean": {
            "value": 0.0002850701588227692,
            "min": 0.0002850701588227692,
            "max": 0.00029680520976058263,
            "count": 3
        },
        "Enemy.Policy.LearningRate.sum": {
            "value": 0.018529560323479997,
            "min": 0.0136530396489868,
            "max": 0.0191984018005328,
            "count": 3
        },
        "Enemy.Policy.Epsilon.mean": {
            "value": 0.19502338461538463,
            "min": 0.19502338461538463,
            "max": 0.19893506956521742,
            "count": 3
        },
        "Enemy.Policy.Epsilon.sum": {
            "value": 12.67652,
            "min": 9.151013200000001,
            "max": 12.9994672,
            "count": 3
        },
        "Enemy.Policy.Beta.mean": {
            "value": 0.00047561458461538466,
            "min": 0.00047561458461538466,
            "max": 0.0004947818408695654,
            "count": 3
        },
        "Enemy.Policy.Beta.sum": {
            "value": 0.030914948,
            "min": 0.02275996468000001,
            "max": 0.03201738928,
            "count": 3
        },
        "Enemy.Policy.GAILPolicyEstimate.mean": {
            "value": 0.24578810722443387,
            "min": 0.24578810722443387,
            "max": 0.3628515089979438,
            "count": 3
        },
        "Enemy.Policy.GAILPolicyEstimate.sum": {
            "value": 15.9762269695882,
            "min": 15.9762269695882,
            "max": 22.416662939717025,
            "count": 3
        },
        "Enemy.Policy.GAILExpertEstimate.mean": {
            "value": 0.7014874161168484,
            "min": 0.6406570554296608,
            "max": 0.7014874161168484,
            "count": 3
        },
        "Enemy.Policy.GAILExpertEstimate.sum": {
            "value": 45.596682047595145,
            "min": 29.470224549764396,
            "max": 45.596682047595145,
            "count": 3
        },
        "Enemy.Losses.GAILLoss.mean": {
            "value": 0.8088796310379525,
            "min": 0.8088796310379525,
            "max": 1.0309358364998238,
            "count": 3
        },
        "Enemy.Losses.GAILLoss.sum": {
            "value": 52.57717601746691,
            "min": 47.423048478991895,
            "max": 64.01322633284218,
            "count": 3
        },
        "Enemy.Policy.GAILGradMagLoss.mean": {
            "value": 6.021678800566048,
            "min": 5.505374491887167,
            "max": 6.021678800566048,
            "count": 3
        },
        "Enemy.Policy.GAILGradMagLoss.sum": {
            "value": 391.4091220367931,
            "min": 253.86787412534352,
            "max": 391.4091220367931,
            "count": 3
        },
        "Enemy.Losses.PretrainingLoss.mean": {
            "value": 0.2774482511272659,
            "min": 0.2774482511272659,
            "max": 0.39794125491354393,
            "count": 3
        },
        "Enemy.Losses.PretrainingLoss.sum": {
            "value": 18.034136323272282,
            "min": 18.034136323272282,
            "max": 21.120086348697278,
            "count": 3
        },
        "Enemy.IsTraining.mean": {
            "value": 1.0,
            "min": 1.0,
            "max": 1.0,
            "count": 3
        },
        "Enemy.IsTraining.sum": {
            "value": 1.0,
            "min": 1.0,
            "max": 1.0,
            "count": 3
        }
    },
    "metadata": {
        "timer_format_version": "0.1.0",
        "start_time_seconds": "1680618337",
        "python_version": "3.7.9 (tags/v3.7.9:13c94747c7, Aug 17 2020, 18:58:18) [MSC v.1900 64 bit (AMD64)]",
        "command_line_arguments": "C:\\Users\\thoma\\OneDrive - University of Sussex\\Year 3\\Individual Project\\Code\\Final Year Project\\venv\\Scripts\\mlagents-learn config\\config.yaml --run-id=NonMovingTarget_4 --force",
        "mlagents_version": "0.26.0",
        "mlagents_envs_version": "0.26.0",
        "communication_protocol_version": "1.5.0",
        "pytorch_version": "1.7.1+cu110",
        "numpy_version": "1.21.6",
        "end_time_seconds": "1680619794"
    },
    "total": 1456.7279208,
    "count": 1,
    "self": 0.0058182999998734886,