{
    "name": "root",
    "gauges": {
        "Enemy.Policy.Entropy.mean": {
            "value": 0.7246675491333008,
            "min": 0.7246675491333008,
            "max": 2.061650514602661,
            "count": 4
        },
        "Enemy.Policy.Entropy.sum": {
            "value": 7177.107421875,
            "min": 7177.107421875,
            "max": 21606.09765625,
            "count": 4
        },
        "Enemy.Environment.EpisodeLength.mean": {
            "value": 848.5,
            "min": 218.5,
            "max": 848.5,
            "count": 4
        },
        "Enemy.Environment.EpisodeLength.sum": {
            "value": 8485.0,
            "min": 5244.0,
            "max": 11235.0,
            "count": 4
        },
        "Enemy.Step.mean": {
            "value": 39970.0,
            "min": 9940.0,
            "max": 39970.0,
            "count": 4
        },
        "Enemy.Step.sum": {
            "value": 39970.0,
            "min": 9940.0,
            "max": 39970.0,
            "count": 4
        },
        "Enemy.Policy.ExtrinsicValueEstimate.mean": {
            "value": -0.02304038032889366,
            "min": -0.02304038032889366,
            "max": 0.36797764897346497,
            "count": 4
        },
        "Enemy.Policy.ExtrinsicValueEstimate.sum": {
            "value": -3.6864609718322754,
            "min": -3.6864609718322754,
            "max": 62.1882209777832,
            "count": 4
        },
        "Enemy.Policy.GailValueEstimate.mean": {
            "value": 21.3734130859375,
            "min": 16.846710205078125,
            "max": 23.925703048706055,
            "count": 4
        },
        "Enemy.Policy.GailValueEstimate.sum": {
            "value": 3419.74609375,
            "min": 2847.093994140625,
            "max": 3852.0380859375,
            "count": 4
        },
        "Enemy.Environment.CumulativeReward.mean": {
            "value": -0.2,
            "min": -0.2,
            "max": 1.0,
            "count": 4
        },
        "Enemy.Environment.CumulativeReward.sum": {
            "value": -2.0,
            "min": -2.0,
            "max": 24.0,
            "count": 4
        },
        "Enemy.Policy.ExtrinsicReward.mean": {
            "value": -0.2,
            "min": -0.2,
            "max": 1.0,
            "count": 4
        },
        "Enemy.Policy.ExtrinsicReward.sum": {
            "value": -2.0,
            "min": -2.0,
            "max": 24.0,
            "count": 4
        },
        "Enemy.Policy.GailReward.mean": {
            "value": 165.9822026312351,
            "min": 74.34730181780954,
            "max": 210.55763690918684,
            "count": 4
        },
        "Enemy.Policy.GailReward.sum": {
            "value": 1659.8220263123512,
            "min": 1659.8220263123512,
            "max": 3368.9221905469894,
            "count": 4
        },
        "Enemy.Losses.PolicyLoss.mean": {
            "value": 0.24559202650932768,
            "min": 0.23903710107769408,
            "max": 0.24879364039837465,
            "count": 4
        },
        "Enemy.Losses.PolicyLoss.sum": {
            "value": 17.437033882162265,
            "min": 10.946920177528485,
            "max": 17.437033882162265,
            "count": 4
        },
        "Enemy.Losses.ValueLoss.mean": {
            "value": 5.170229510816231,
            "min": 5.170229510816231,
            "max": 17.7738893242229,
            "count": 4
        },
        "Enemy.Losses.ValueLoss.sum": {
            "value": 367.0862952679524,
            "min": 367.0862952679524,
            "max": 911.0901345392302,
            "count": 4
        },
        "Enemy.Policy.LearningRate.mean": {
            "value": 0.00027897852531701974,
            "min": 0.00027897852531701974,
            "max": 0.00029641358301365453,
            "count": 4
        },
        "Enemy.Policy.LearningRate.sum": {
            "value": 0.0198074752975084,
            "min": 0.0130421976526008,
            "max": 0.020521587359471,
            "count": 4
        },
        "Enemy.Policy.Epsilon.mean": {
            "value": 0.19299283943661968,
            "min": 0.19299283943661968,
            "max": 0.19880452727272727,
            "count": 4
        },
        "Enemy.Policy.Epsilon.sum": {
            "value": 13.702491599999998,
            "min": 8.7473992,
            "max": 14.040529,
            "count": 4
        },
        "Enemy.Policy.Beta.mean": {
            "value": 0.00046566491323943657,
            "min": 0.00046566491323943657,
            "max": 0.0004941421836363635,
            "count": 4
        },
        "Enemy.Policy.Beta.sum": {
            "value": 0.033062208839999996,
            "min": 0.021742256079999998,
            "max": 0.0342385921,
            "count": 4
        },
        "Enemy.Policy.GAILPolicyEstimate.mean": {
            "value": 0.30419141819040585,
            "min": 0.2747395252684538,
            "max": 0.3889128327716494,
            "count": 4
        },
        "Enemy.Policy.GAILPolicyEstimate.sum": {
            "value": 21.597590691518814,
            "min": 17.112164641952575,
            "max": 23.686378769750974,
            "count": 4
        },
        "Enemy.Policy.GAILExpertEstimate.mean": {
            "value": 0.6809972201116095,
            "min": 0.5422584126903165,
            "max": 0.6809972201116095,
            "count": 4
        },
        "Enemy.Policy.GAILExpertEstimate.sum": {
            "value": 48.350802627924274,
            "min": 23.859370158373924,
            "max": 48.350802627924274,
            "count": 4
        },
        "Enemy.Losses.GAILLoss.mean": {
            "value": 0.8712373930274668,
            "min": 0.8712373930274668,
            "max": 1.2449147959126852,
            "count": 4
        },
        "Enemy.Losses.GAILLoss.sum": {
            "value": 61.857854904950145,
            "min": 54.77625102015815,
            "max": 78.8589725476803,
            "count": 4
        },
        "Enemy.Policy.GAILGradMagLoss.mean": {
            "value": 4.493525908673395,
            "min": 4.422143765583136,
            "max": 5.310113712149558,
            "count": 4
        },
        "Enemy.Policy.GAILGradMagLoss.sum": {
            "value": 319.04033951581107,
            "min": 194.57432568565795,
            "max": 382.3281872747682,
            "count": 4
        },
        "Enemy.Losses.PretrainingLoss.mean": {
            "value": 0.2092479948519891,
            "min": 0.2092479948519891,
            "max": 0.3782211587878853,
            "count": 4
        },
        "Enemy.Losses.PretrainingLoss.sum": {
            "value": 14.856607634491226,
            "min": 14.856607634491226,
            "max": 19.899561567708353,
            "count": 4
        },
        "Enemy.IsTraining.mean": {
            "value": 1.0,
            "min": 1.0,
            "max": 1.0,
            "count": 4
        },
        "Enemy.IsTraining.sum": {
            "value": 1.0,
            "min": 1.0,
            "max": 1.0,
            "count": 4
        }
    },
    "metadata": {
        "timer_format_version": "0.1.0",
        "start_time_seconds": "1680620406",
        "python_version": "3.7.9 (tags/v3.7.9:13c94747c7, Aug 17 2020, 18:58:18) [MSC v.1900 64 bit (AMD64)]",
        "command_line_arguments": "C:\\Users\\thoma\\OneDrive - University of Sussex\\Year 3\\Individual Project\\Code\\Final Year Project\\venv\\Scripts\\mlagents-learn config\\config.yaml --run-id=NonMovingTarget_5 --force",
        "mlagents_version": "0.26.0",
        "mlagents_envs_version": "0.26.0",
        "communication_protocol_version": "1.5.0",
        "pytorch_version": "1.7.1+cu110",
        "numpy_version": "1.21.6",
        "end_time_seconds": "1680622754"
    },
    "total": 2347.5075861,
    "count": 1,
    "self": 0.006386600000041653,
    "children": {
        "run_training.setup": {
            "total": 0.07393240000000001,
            "count": 1,