{
    "name": "root",
    "metadata": {
        "timer_format_version": "0.1.0",
        "start_time_seconds": "1680358237",
        "python_version": "3.9.13 (tags/v3.9.13:6de2ca5, May 17 2022, 16:36:42) [MSC v.1929 64 bit (AMD64)]",
        "command_line_arguments": "C:\\Users\\thoma\\OneDrive - University of Sussex\\Year 3\\Individual Project\\Code\\Final Year Project\\venv\\Scripts\\mlagents-learn --run-id=Agent_Imitation",
        "mlagents_version": "0.30.0",
        "mlagents_envs_version": "0.30.0",
        "communication_protocol_version": "1.5.0",
        "pytorch_version": "2.0.0+cpu",
        "numpy_version": "1.21.2",
        "end_time_seconds": "1680358956"
    },
    "total": 718.2291688,
    "count": 1,
    "self": 0.006777300000067044,
    "children": {
        "run_training.setup": {
            "total": 0.10300730000000069,
            "count": 1,
            "self": 0.10300730000000069
        },
        "TrainerController.start_learning": {
            "total": 718.1193842,
            "count": 1,
            "self": 0.10541870000281506,
            "children": {
                "TrainerController._reset_env": {
                    "total": 8.221211,
                    "count": 1,
                    "self": 8.221211
                },
                "TrainerController.advance": {
                    "total": 709.6525422999972,
                    "count": 6374,
                    "self": 0.08599129999379329,
                    "children": {
                        "env_step": {
                            "total": 709.0688539000024,
                            "count": 6374,
                            "self": 699.9145544999993,
                            "children": {
                                "SubprocessEnvManager._take_step": {
                                    "total": 9.086959200001779,
                                    "count": 6374,
                                    "self": 0.2255230000052837,
                                    "children": {
                                        "TorchPolicy.evaluate": {
                                            "total": 8.861436199996495,
                                            "count": 6334,
                                            "self": 8.861436199996495
                                        }
                                    }
                                },
                                "workers": {
                                    "total": 0.06734020000134322,
                                    "count": 6373,
                                    "self": 0.0,
                                    "children": {
                                        "worker_root": {
                                            "total": 647.1218200999987,
                                            "count": 6373,
                                            "is_parallel": true,
                                            "self": 14.510285399995496,
                                            "children": {
                                                "steps_from_proto": {
                                                    "total": 0.0030903999999996046,
                                                    "count": 1,
                                                    "is_parallel": true,
                                                    "self": 0.0007593999999997436,
                                                    "children": {
                                                        "_process_rank_one_or_two_observation": {
                                                            "total": 0.002330999999999861,
                                                            "count": 2,
                                                            "is_parallel": true,
                                                            "self": 0.002330999999999861
                                                        }
                                                    }
                                                },
                                                "UnityEnvironment.step": {
                                                    "total": 632.6084443000032,
                                                    "count": 6373,
                                                    "is_parallel": true,
                                                    "self": 0.41744280000693834,
                                                    "children": {
                                                        "UnityEnvironment._generate_step_input": {
                                                            "total": 0.29331800000094965,
                                                            "count": 6373,
                                                            "is_parallel": true,
                                                            "self": 0.29331800000094965
                                                        },
                                                        "communicator.exchange": {
                                                            "total": 630.4701756999954,
                                                            "count": 6373,
                                                            "is_parallel": true,
                                                            "self": 630.4701756999954
                                                        },
                                                        "steps_from_proto": {
                                                            "total": 1.4275077999999883,
                                                            "count": 6373,
                                                            "is_parallel": true,
                                                            "self": 0.7993060000007564,
                                                            "children": {
                                                                "_process_rank_one_or_two_observation": {
                                                                    "total": 0.628201799999232,
                                                                    "count": 12746,
                                                                    "is_parallel": true,
                                                                    "self": 0.628201799999232
                                                                }
                                                            }
                                                        }
                                                    }
                                                }
                                            }
                                        }
                                    }
                                }
                            }
                        },
                        "trainer_advance": {
                            "total": 0.4976971000009751,
                            "count": 6373,
                            "self": 0.12657779999869234,
                            "children": {
                                "process_trajectory": {
                                    "total": 0.37111930000228277,
                                    "count": 6373,
                                    "self": 0.37111930000228277
                                }
                            }
                        }
                    }
                },
                "TrainerController._save_models": {
                    "total": 0.14021219999995083,
                    "count": 1,
                    "self": 1.9299999962640868e-05,
                    "children": {
                        "RLTrainer._checkpoint": {
                            "total": 0.14019289999998819,
                            "count": 1,