{
    "name": "root",
    "gauges": {
        "Enemy.Policy.Entropy.mean": {
            "value": 1.2320443391799927,
            "min": 1.2320443391799927,
            "max": 3.760807752609253,
            "count": 7
        },
        "Enemy.Policy.Entropy.sum": {
            "value": 25035.140625,
            "min": 25035.140625,
            "max": 79909.640625,
            "count": 7
        },
        "Enemy.Environment.EpisodeLength.mean": {
            "value": 641.8333333333334,
            "min": 121.21052631578948,
            "max": 762.8947368421053,
            "count": 7
        },
        "Enemy.Environment.EpisodeLength.sum": {
            "value": 7702.0,
            "min": 7702.0,
            "max": 28990.0,
            "count": 7
        },
        "Enemy.Self-play.ELO.mean": {
            "value": 1220.9104570331324,
            "min": 1200.2160978866964,
            "max": 1220.9104570331324,
            "count": 7
        },
        "Enemy.Self-play.ELO.sum": {
            "value": 7325.462742198794,
            "min": 7325.462742198794,
            "max": 68412.31757954169,
            "count": 7
        },
        "Enemy.Step.mean": {
            "value": 69994.0,
            "min": 9977.0,
            "max": 69994.0,
            "count": 7
        },
        "Enemy.Step.sum": {
            "value": 69994.0,
            "min": 9977.0,
            "max": 69994.0,
            "count": 7
        },
        "Enemy.Policy.ExtrinsicValueEstimate.mean": {
            "value": 0.03139709681272507,
            "min": -0.00665630679577589,
            "max": 0.33852240443229675,
            "count": 7
        },
        "Enemy.Policy.ExtrinsicValueEstimate.sum": {
            "value": 5.02353572845459,
            "min": -1.1581974029541016,
            "max": 59.24142074584961,
            "count": 7
        },
        "Enemy.Policy.GailValueEstimate.mean": {
            "value": 0.7614773511886597,
            "min": 0.6906790733337402,
            "max": 3.8270034790039062,
            "count": 7
        },
        "Enemy.Policy.GailValueEstimate.sum": {
            "value": 121.83638000488281,
            "min": 113.96205139160156,
            "max": 723.3036499023438,
            "count": 7
        },
        "Enemy.Environment.CumulativeReward.mean": {
            "value": 0.5,
            "min": 0.45161290322580644,
            "max": 1.5,
            "count": 7
        },
        "Enemy.Environment.CumulativeReward.sum": {
            "value": 3.0,
            "min": 3.0,
            "max": 41.0,
            "count": 7
        },
        "Enemy.Policy.ExtrinsicReward.mean": {
            "value": 0.5,
            "min": 0.45161290322580644,
            "max": 1.5,
            "count": 7
        },
        "Enemy.Policy.ExtrinsicReward.sum": {
            "value": 3.0,
            "min": 3.0,
            "max": 41.0,
            "count": 7
        },
        "Enemy.Policy.GailReward.mean": {
            "value": 4.879118762910366,
            "min": 2.5648690006281765,
            "max": 12.77994142084018,
            "count": 7
        },
        "Enemy.Policy.GailReward.sum": {
            "value": 29.274712577462196,
            "min": 29.274712577462196,
            "max": 567.6114031523466,
            "count": 7
        },
        "Enemy.Losses.PolicyLoss.mean": {
            "value": 0.24585286218022742,
            "min": 0.24150904605518372,
            "max": 0.2491963157365759,
            "count": 7
        },
        "Enemy.Losses.PolicyLoss.sum": {
            "value": 18.19311180133683,
            "min": 17.38627655952476,
            "max": 18.992412135548026,
            "count": 7
        },
        "Enemy.Losses.ValueLoss.mean": {
            "value": 0.006820385303568872,
            "min": 0.006820385303568872,
            "max": 1.2563489831771135,
            "count": 7
        },
        "Enemy.Losses.ValueLoss.sum": {
            "value": 0.5047085124640965,
            "min": 0.5047085124640965,
            "max": 89.20077780557506,
            "count": 7
        },
        "Enemy.Policy.LearningRate.mean": {
            "value": 0.0002610537697388378,
            "min": 0.0002610537697388378,
            "max": 0.0002968747531544254,
            "count": 7
        },
        "Enemy.Policy.LearningRate.sum": {
            "value": 0.019317978960673998,
            "min": 0.019317978960673998,
            "max": 0.021533588022137395,
            "count": 7
        },
        "Enemy.Policy.Epsilon.mean": {
            "value": 0.18701791891891892,
            "min": 0.18701791891891892,
            "max": 0.19895825070422532,
            "count": 7
        },
        "Enemy.Policy.Epsilon.sum": {
            "value": 13.839326,
            "min": 13.704443400000002,
            "max": 14.741394399999999,
            "count": 7
        },
        "Enemy.Policy.Beta.mean": {
            "value": 0.0004363878027027027,
            "min": 0.0004363878027027027,
            "max": 0.0004948954284507042,
            "count": 7
        },
        "Enemy.Policy.Beta.sum": {
            "value": 0.0322926974,
            "min": 0.0322926974,
            "max": 0.03591152673999999,
            "count": 7
        },
        "Enemy.Policy.GAILPolicyEstimate.mean": {
            "value": 0.01599651584148659,
            "min": 0.01599651584148659,
            "max": 0.11377153372812265,
            "count": 7
        },
        "Enemy.Policy.GAILPolicyEstimate.sum": {
            "value": 1.1837421722700079,
            "min": 1.1837421722700079,
            "max": 8.077778894696708,
            "count": 7
        },
        "Enemy.Policy.GAILExpertEstimate.mean": {
            "value": 0.9127636208876155,
            "min": 0.8575515767148876,
            "max": 0.9127636208876155,
            "count": 7
        },
        "Enemy.Policy.GAILExpertEstimate.sum": {
            "value": 67.54450794568355,
            "min": 60.88616194675702,
            "max": 70.79297530779678,
            "count": 7
        },
        "Enemy.Losses.GAILLoss.mean": {
            "value": 0.10963704675738842,
            "min": 0.10963704675738842,
            "max": 0.29068128056918163,
            "count": 7
        },
        "Enemy.Losses.GAILLoss.sum": {
            "value": 8.113141460046743,
            "min": 8.113141460046743,
            "max": 20.638370920411894,
            "count": 7
        },
        "Enemy.Policy.GAILGradMagLoss.mean": {
            "value": 0.06794636221769802,
            "min": 0.06794636221769802,
            "max": 0.4595259036964981,
            "count": 7
        },
        "Enemy.Policy.GAILGradMagLoss.sum": {
            "value": 5.028030804109654,
            "min": 5.028030804109654,
            "max": 32.626339162451366,
            "count": 7
        },
        "Enemy.Losses.PretrainingLoss.mean": {
            "value": 0.14715232617518645,
            "min": 0.14715232617518645,
            "max": 0.4164402489349312,
            "count": 7
        },
        "Enemy.Losses.PretrainingLoss.sum": {
            "value": 10.889272136963797,
            "min": 10.889272136963797,
            "max": 29.567257674380116,
            "count": 7
        },
        "Enemy.IsTraining.mean": {
            "value": 1.0,
            "min": 1.0,
            "max": 1.0,
            "count": 7
        },
        "Enemy.IsTraining.sum": {
            "value": 1.0,
            "min": 1.0,
            "max": 1.0,
            "count": 7
        }
    },
    "metadata": {
        "timer_format_version": "0.1.0",
        "start_time_seconds": "1680552258",
        "python_version": "3.7.9 (tags/v3.7.9:13c94747c7, Aug 17 2020, 18:58:18) [MSC v.1900 64 bit (AMD64)]",
        "command_line_arguments": "C:\\Users\\thoma\\OneDrive - University of Sussex\\Year 3\\Individual Project\\Code\\Final Year Project\\venv\\Scripts\\mlagents-learn config/config.yaml --run-id=Agent_6",
        "mlagents_version": "0.26.0",