{
    "name": "root",
    "gauges": {
        "Enemy.Policy.Entropy.mean": {
            "value": 0.3026673495769501,
            "min": 0.28891777992248535,
            "max": 0.818855345249176,
            "count": 15
        },
        "Enemy.Policy.Entropy.sum": {
            "value": 3099.313720703125,
            "min": 838.5078735351562,
            "max": 6543.29541015625,
            "count": 15
        },
        "Enemy.Step.mean": {
            "value": 379965.0,
            "min": 239945.0,
            "max": 379965.0,
            "count": 15
        },
        "Enemy.Step.sum": {
            "value": 379965.0,
            "min": 239945.0,
            "max": 379965.0,
            "count": 15
        },
        "Enemy.Policy.ExtrinsicValueEstimate.mean": {
            "value": -0.008616351522505283,
            "min": -0.01297574769705534,
            "max": 0.02446422353386879,
            "count": 15
        },
        "Enemy.Policy.ExtrinsicValueEstimate.sum": {
            "value": -1.3527672290802002,
            "min": -2.024216651916504,
            "max": 3.8164188861846924,
            "count": 15
        },
        "Enemy.Policy.GailValueEstimate.mean": {
            "value": 13.635148048400879,
            "min": 11.735657691955566,
            "max": 21.550376892089844,
            "count": 15
        },
        "Enemy.Policy.GailValueEstimate.sum": {
            "value": 2140.71826171875,
            "min": 224.1807403564453,
            "max": 3383.4091796875,
            "count": 15
        },
        "Enemy.IsTraining.mean": {
            "value": 1.0,
            "min": 1.0,
            "max": 1.0,
            "count": 15
        },
        "Enemy.IsTraining.sum": {
            "value": 1.0,
            "min": 1.0,
            "max": 1.0,
            "count": 15
        },
        "Enemy.Losses.PolicyLoss.mean": {
            "value": 0.24965302467594394,
            "min": 0.24127191417820404,
            "max": 0.25448892967381687,
            "count": 14
        },
        "Enemy.Losses.PolicyLoss.sum": {
            "value": 4.993060493518879,
            "min": 2.4127191417820404,
            "max": 4.993060493518879,
            "count": 14
        },
        "Enemy.Losses.ValueLoss.mean": {
            "value": 0.30583972391999603,
            "min": 0.30583972391999603,
            "max": 3.4612769254550253,
            "count": 14
        },
        "Enemy.Losses.ValueLoss.sum": {
            "value": 6.11679447839992,
            "min": 6.11679447839992,
            "max": 40.33232202637086,
            "count": 14
        },
        "Enemy.Policy.LearningRate.mean": {
            "value": 7.501939499355999e-05,
            "min": 7.501939499355999e-05,
            "max": 0.00015307624897459998,
            "count": 14
        },
        "Enemy.Policy.LearningRate.sum": {
            "value": 0.0015003878998711999,
            "min": 0.0010507626497459998,
            "max": 0.0018597493800839998,
            "count": 14
        },
        "Enemy.Policy.Epsilon.mean": {
            "value": 0.12500644,
            "min": 0.12500644,
            "max": 0.15102540000000003,
            "count": 14
        },
        "Enemy.Policy.Epsilon.sum": {
            "value": 2.5001288,
            "min": 1.350254,
            "max": 2.619916,
            "count": 14
        },
        "Enemy.Policy.Beta.mean": {
            "value": 0.00013253155600000002,
            "min": 0.00013253155600000002,
            "max": 0.00026002446,
            "count": 14
        },
        "Enemy.Policy.Beta.sum": {
            "value": 0.0026506311200000005,
            "min": 0.0018162445999999998,
            "max": 0.0032375883999999997,
            "count": 14
        },
        "Enemy.Policy.GAILPolicyEstimate.mean": {
            "value": 0.12405725056292594,
            "min": 0.12405725056292594,
            "max": 0.28041250941897533,
            "count": 14
        },
        "Enemy.Policy.GAILPolicyEstimate.sum": {
            "value": 2.4811450112585187,
            "min": 1.8249266687491483,
            "max": 3.482996675649777,
            "count": 14
        },
        "Enemy.Policy.GAILExpertEstimate.mean": {
            "value": 0.8398298193856878,
            "min": 0.7088577236614975,
            "max": 0.8398298193856878,
            "count": 14
        },
        "Enemy.Policy.GAILExpertEstimate.sum": {
            "value": 16.796596387713755,
            "min": 7.088577236614975,
            "max": 16.796596387713755,
            "count": 14
        },
        "Enemy.Losses.GAILLoss.mean": {
            "value": 0.36543134308526515,
            "min": 0.36543134308526515,
            "max": 0.7575825554677864,
            "count": 14
        },
        "Enemy.Losses.GAILLoss.sum": {
            "value": 7.308626861705303,
            "min": 4.571463040520553,
            "max": 9.142344746385211,
            "count": 14
        },
        "Enemy.Policy.GAILGradMagLoss.mean": {
            "value": 0.05269894177132498,
            "min": 0.04741569203198949,
            "max": 0.06657813146110818,
            "count": 14
        },
        "Enemy.Policy.GAILGradMagLoss.sum": {
            "value": 1.0539788354264996,
            "min": 0.5423701819619691,
            "max": 1.1944005283125656,
            "count": 14
        },
        "Enemy.Losses.PretrainingLoss.mean": {
            "value": 0.2296859993532716,
            "min": 0.2296859993532716,
            "max": 0.24122409769455802,
            "count": 14
        },
        "Enemy.Losses.PretrainingLoss.sum": {
            "value": 4.593719987065432,
            "min": 2.3564575529392373,
            "max": 4.66908293426765,
            "count": 14
        },
        "Enemy.Environment.EpisodeLength.mean": {
            "value": 999.0,
            "min": 905.0,
            "max": 999.0,
            "count": 9
        },
        "Enemy.Environment.EpisodeLength.sum": {
            "value": 999.0,
            "min": 999.0,
            "max": 16290.0,
            "count": 9
        },
        "Enemy.Environment.CumulativeReward.mean": {
            "value": 0.0,
            "min": 0.0,
            "max": 0.0,
            "count": 9
        },
        "Enemy.Environment.CumulativeReward.sum": {
            "value": 0.0,
            "min": 0.0,
            "max": 0.0,
            "count": 9
        },
        "Enemy.Policy.ExtrinsicReward.mean": {
            "value": 0.0,
            "min": 0.0,
            "max": 0.0,
            "count": 9
        },
        "Enemy.Policy.ExtrinsicReward.sum": {
            "value": 0.0,
            "min": 0.0,
            "max": 0.0,
            "count": 9
        },
        "Enemy.Policy.GailReward.mean": {
            "value": 41.76090943813324,
            "min": 41.76090943813324,
            "max": 192.61611430346966,
            "count": 9
        },
        "Enemy.Policy.GailReward.sum": {
            "value": 41.76090943813324,
            "min": 41.76090943813324,
            "max": 3081.8578288555145,
            "count": 9
        }
    },
    "metadata": {
        "timer_format_version": "0.1.0",
        "start_time_seconds": "1680609847",
        "python_version": "3.7.9 (tags/v3.7.9:13c94747c7, Aug 17 2020, 18:58:18) [MSC v.1900 64 bit (AMD64)]",
        "command_line_arguments": "C:\\Users\\thoma\\OneDrive - University of Sussex\\Year 3\\Individual Project\\Code\\Final Year Project\\venv\\Scripts\\mlagents-learn config\\config.yaml --run-id=NonMovingTarget --resume",
        "mlagents_version": "0.26.0",
        "mlagents_envs_version": "0.26.0",
        "communication_protocol_version": "1.5.0",
        "pytorch_version": "1.7.1+cu110",
        "numpy_version": "1.21.6",
        "end_time_seconds": "1680610725"
    },
    "total": 877.9633273000001,
    "count": 1,
    "self": 0.0064178000001220425,
    "children": {
        "run_training.setup": {
            "total": 0.07270709999999991,