{
    "name": "root",
    "metadata": {
        "timer_format_version": "0.1.0",
        "start_time_seconds": "1681820351",
        "python_version": "3.7.9 (tags/v3.7.9:13c94747c7, Aug 17 2020, 18:58:18) [MSC v.1900 64 bit (AMD64)]",
        "command_line_arguments": "C:\\Users\\thoma\\OneDrive - University of Sussex\\Year 3\\Individual Project\\Code\\Final Year Project\\venv\\Scripts\\mlagents-learn config\\config.yaml --run-id=NewImitation --resume",
        "mlagents_version": "0.26.0",
        "mlagents_envs_version": "0.26.0",
        "communication_protocol_version": "1.5.0",
        "pytorch_version": "1.7.1+cu110",
        "numpy_version": "1.21.6",
        "end_time_seconds": "1681820360"
    },
    "total": 8.3579492,
    "count": 1,
    "self": 0.008469700000000913,
    "children": {
        "run_training.setup": {
            "total": 0.16111219999999982,
            "count": 1,
            "self": 0.16111219999999982
        },
        "TrainerController.start_learning": {
            "total": 8.1883673,
            "count": 1,
            "self": 0.0009218000000039694,
            "children": {
                "TrainerController._reset_env": {
                    "total": 6.5636109,
                    "count": 2,
                    "self": 6.5636109
                },
                "TrainerController.advance": {
                    "total": 1.365109999999996,
                    "count": 41,
                    "self": 0.0007269999999905963,
                    "children": {
                        "env_step": {
                            "total": 1.0820388000000012,
                            "count": 41,
                            "self": 0.7780299999999976,
                            "children": {
                                "SubprocessEnvManager._take_step": {
                                    "total": 0.3035562000000045,
                                    "count": 41,
                                    "self": 0.003404100000004462,
                                    "children": {
                                        "TorchPolicy.evaluate": {
                                            "total": 0.30015210000000003,
                                            "count": 70,
                                            "self": 0.01676660000000041,
                                            "children": {
                                                "TorchPolicy.sample_actions": {
                                                    "total": 0.2833854999999996,
                                                    "count": 70,
                                                    "self": 0.2833854999999996
                                                }
                                            }
                                        }
                                    }
                                },
                                "workers": {
                                    "total": 0.000452599999999137,
                                    "count": 41,
                                    "self": 0.0,
                                    "children": {
                                        "worker_root": {
                                            "total": 1.1930340000000017,
                                            "count": 41,
                                            "is_parallel": true,
                                            "self": 0.4859746000000005,
                                            "children": {
                                                "steps_from_proto": {
                                                    "total": 0.004801299999999564,
                                                    "count": 4,
                                                    "is_parallel": true,
                                                    "self": 0.001475000000000115,
                                                    "children": {
                                                        "_process_rank_one_or_two_observation": {
                                                            "total": 0.003326299999999449,
                                                            "count": 16,
                                                            "is_parallel": true,
                                                            "self": 0.003326299999999449
                                                        }
                                                    }
                                                },
                                                "UnityEnvironment.step": {
                                                    "total": 0.7022581000000017,
                                                    "count": 41,
                                                    "is_parallel": true,
                                                    "self": 0.01088800000000667,
                                                    "children": {
                                                        "UnityEnvironment._generate_step_input": {
                                                            "total": 0.015180399999999317,
                                                            "count": 41,
                                                            "is_parallel": true,
                                                            "self": 0.015180399999999317
                                                        },
                                                        "communicator.exchange": {
                                                            "total": 0.6440631999999988,
                                                            "count": 41,
                                                            "is_parallel": true,
                                                            "self": 0.6440631999999988
                                                        },
                                                        "steps_from_proto": {
                                                            "total": 0.03212649999999684,
                                                            "count": 82,
                                                            "is_parallel": true,
                                                            "self": 0.01237250000000678,
                                                            "children": {
                                                                "_process_rank_one_or_two_observation": {
                                                                    "total": 0.019753999999990057,
                                                                    "count": 328,
                                                                    "is_parallel": true,
                                                                    "self": 0.019753999999990057
                                                                }
                                                            }
                                                        }
                                                    }
                                                }
                                            }
                                        }
                                    }
                                }
                            }
                        },
                        "trainer_advance": {
                            "total": 0.28234420000000426,
                            "count": 41,
                            "self": 0.004794500000009805,
                            "children": {
                                "process_trajectory": {
                                    "total": 0.0405734999999936,
                                    "count": 41,
                                    "self": 0.0405734999999936
                                },