{
    "name": "root",
    "metadata": {
        "timer_format_version": "0.1.0",
        "start_time_seconds": "1680367058",
        "python_version": "3.9.13 (tags/v3.9.13:6de2ca5, May 17 2022, 16:36:42) [MSC v.1929 64 bit (AMD64)]",
        "command_line_arguments": "C:\\Users\\thoma\\OneDrive - University of Sussex\\Year 3\\Individual Project\\Code\\Final Year Project\\venv\\Scripts\\mlagents-learn config/config.yaml --run-id=Imitation_2 --force",
        "mlagents_version": "0.30.0",
        "mlagents_envs_version": "0.30.0",
        "communication_protocol_version": "1.5.0",
        "pytorch_version": "1.7.1+cu110",
        "numpy_version": "1.21.2",
        "end_time_seconds": "1680367147"
    },
    "total": 89.7365928,
    "count": 1,
    "self": 0.0074487999999917065,
    "children": {
        "run_training.setup": {
            "total": 0.08071019999999995,
            "count": 1,
            "self": 0.08071019999999995
        },
        "TrainerController.start_learning": {
            "total": 89.6484338,
            "count": 1,
            "self": 0.0025011000000176864,
            "children": {
                "TrainerController._reset_env": {
                    "total": 7.5641146,
                    "count": 1,
                    "self": 6.8927398,
                    "children": {
                        "demo_to_buffer": {
                            "total": 0.6713747999999997,
                            "count": 2,
                            "self": 6.139999999810186e-05,
                            "children": {
                                "load_demonstration": {
                                    "total": 0.01026980000000055,
                                    "count": 2,
                                    "self": 0.010058700000000975,
                                    "children": {
                                        "read_file": {
                                            "total": 0.00021109999999957552,
                                            "count": 2,
                                            "self": 0.00021109999999957552
                                        }
                                    }
                                },
                                "make_demo_buffer": {
                                    "total": 0.6610436000000011,
                                    "count": 2,
                                    "self": 0.11651190000002742,
                                    "children": {
                                        "steps_from_proto": {
                                            "total": 0.5445316999999736,
                                            "count": 5640,
                                            "self": 0.38881160000005277,
                                            "children": {
                                                "_process_rank_one_or_two_observation": {
                                                    "total": 0.15572009999992087,
                                                    "count": 11280,
                                                    "self": 0.15572009999992087
                                                }
                                            }
                                        }
                                    }
                                }
                            }
                        }
                    }
                },
                "TrainerController.advance": {
                    "total": 81.9674647,
                    "count": 156,
                    "self": 0.0020784999999960974,
                    "children": {
                        "env_step": {
                            "total": 77.37065109999999,
                            "count": 156,
                            "self": 76.30516039999999,
                            "children": {
                                "SubprocessEnvManager._take_step": {
                                    "total": 1.064137600000004,
                                    "count": 156,
                                    "self": 0.00584599999998936,
                                    "children": {
                                        "TorchPolicy.evaluate": {
                                            "total": 1.0582916000000147,
                                            "count": 155,
                                            "self": 1.0582916000000147
                                        }
                                    }
                                },
                                "workers": {
                                    "total": 0.0013530999999993298,
                                    "count": 155,
                                    "self": 0.0,
                                    "children": {
                                        "worker_root": {
                                            "total": 22.42982029999999,
                                            "count": 155,
                                            "is_parallel": true,
                                            "self": 7.457526999999992,
                                            "children": {
                                                "steps_from_proto": {
                                                    "total": 0.00028299999999958914,
                                                    "count": 1,
                                                    "is_parallel": true,
                                                    "self": 0.00015659999999950713,
                                                    "children": {
                                                        "_process_rank_one_or_two_observation": {
                                                            "total": 0.000126400000000082,
                                                            "count": 2,
                                                            "is_parallel": true,
                                                            "self": 0.000126400000000082
                                                        }
                                                    }
                                                },
                                                "UnityEnvironment.step": {
                                                    "total": 14.972010299999997,
                                                    "count": 155,
                                                    "is_parallel": true,
                                                    "self": 0.009068899999981284,
                                                    "children": {
                                                        "UnityEnvironment._generate_step_input": {
                                                            "total": 0.0069766999999885115,
                                                            "count": 155,
                                                            "is_parallel": true,
                                                            "self": 0.0069766999999885115
                                                        },
                                                        "communicator.exchange": {
                                                            "total": 14.92480390000001,
                                                            "count": 155,
                                                            "is_parallel": true,
                                                            "self": 14.92480390000001
                                                        },
                                                        "steps_from_proto": {
                                                            "total": 0.031160800000018085,
                                                            "count": 155,
                                                            "is_parallel": true,