{
    "name": "root",
    "gauges": {
        "Enemy.Policy.Entropy.mean": {
            "value": 0.23035669326782227,
            "min": 0.23035669326782227,
            "max": 0.37561124563217163,
            "count": 3
        },
        "Enemy.Policy.Entropy.sum": {
            "value": 4540.791015625,
            "min": 3858.278564453125,
            "max": 6559.31005859375,
            "count": 3
        },
        "Enemy.Environment.EpisodeLength.mean": {
            "value": 1032.6666666666667,
            "min": 91.5,
            "max": 1032.6666666666667,
            "count": 3
        },
        "Enemy.Environment.EpisodeLength.sum": {
            "value": 6196.0,
            "min": 732.0,
            "max": 6196.0,
            "count": 3
        },
        "Enemy.Self-play.ELO.mean": {
            "value": 1230.6763751593735,
            "min": 1229.4705777149306,
            "max": 1230.6763751593735,
            "count": 3
        },
        "Enemy.Self-play.ELO.sum": {
            "value": 3692.0291254781205,
            "min": 3692.0291254781205,
            "max": 6152.229611183722,
            "count": 3
        },
        "Enemy.Step.mean": {
            "value": 129964.0,
            "min": 109943.0,
            "max": 129964.0,
            "count": 3
        },
        "Enemy.Step.sum": {
            "value": 129964.0,
            "min": 109943.0,
            "max": 129964.0,
            "count": 3
        },
        "Enemy.Policy.ExtrinsicValueEstimate.mean": {
            "value": -0.17107976973056793,
            "min": -0.17107976973056793,
            "max": 0.43203532695770264,
            "count": 3
        },
        "Enemy.Policy.ExtrinsicValueEstimate.sum": {
            "value": -27.030603408813477,
            "min": -27.030603408813477,
            "max": 68.69361877441406,
            "count": 3
        },
        "Enemy.Policy.GailValueEstimate.mean": {
            "value": 12.20623779296875,
            "min": 12.20623779296875,
            "max": 18.62274742126465,
            "count": 3
        },
        "Enemy.Policy.GailValueEstimate.sum": {
            "value": 1928.5855712890625,
            "min": 1284.9696044921875,
            "max": 2446.14794921875,
            "count": 3
        },
        "Enemy.Environment.CumulativeReward.mean": {
            "value": 0.0,
            "min": 0.0,
            "max": 1.4,
            "count": 3
        },
        "Enemy.Environment.CumulativeReward.sum": {
            "value": 0.0,
            "min": 0.0,
            "max": 7.0,
            "count": 3
        },
        "Enemy.Policy.ExtrinsicReward.mean": {
            "value": 0.0,
            "min": 0.0,
            "max": 1.4,
            "count": 3
        },
        "Enemy.Policy.ExtrinsicReward.sum": {
            "value": 0.0,
            "min": 0.0,
            "max": 7.0,
            "count": 3
        },
        "Enemy.Policy.GailReward.mean": {
            "value": 176.7901169459025,
            "min": 31.995503902435303,
            "max": 176.7901169459025,
            "count": 3
        },
        "Enemy.Policy.GailReward.sum": {
            "value": 530.3703508377075,
            "min": 127.98201560974121,
            "max": 582.781688451767,
            "count": 3
        },
        "Enemy.Losses.PolicyLoss.mean": {
            "value": 0.2540919892391374,
            "min": 0.2540919892391374,
            "max": 0.26653168411540845,
            "count": 3
        },
        "Enemy.Losses.PolicyLoss.sum": {
            "value": 9.909587580326358,
            "min": 2.931848525269493,
            "max": 9.909587580326358,
            "count": 3
        },
        "Enemy.Losses.ValueLoss.mean": {
            "value": 0.9567124652212744,
            "min": 0.9567124652212744,
            "max": 4.031828611490218,
            "count": 3
        },
        "Enemy.Losses.ValueLoss.sum": {
            "value": 37.3117861436297,
            "min": 37.3117861436297,
            "max": 77.11379021812131,
            "count": 3
        },
        "Enemy.Policy.LearningRate.mean": {
            "value": 0.00022505190190578463,
            "min": 0.00022505190190578463,
            "max": 0.00023510189435998178,
            "count": 3
        },
        "Enemy.Policy.LearningRate.sum": {
            "value": 0.0087770241743256,
            "min": 0.0025861208379597996,
            "max": 0.0087770241743256,
            "count": 3
        },
        "Enemy.Policy.Epsilon.mean": {
            "value": 0.1750172923076923,
            "min": 0.1750172923076923,
            "max": 0.17836729090909095,
            "count": 3
        },
        "Enemy.Policy.Epsilon.sum": {
            "value": 6.8256744000000005,
            "min": 1.9620402000000003,
            "max": 6.8256744000000005,
            "count": 3
        },
        "Enemy.Policy.Beta.mean": {
            "value": 0.0003775847323076923,
            "min": 0.0003775847323076923,
            "max": 0.0003939997254545455,
            "count": 3
        },
        "Enemy.Policy.Beta.sum": {
            "value": 0.01472580456,
            "min": 0.004333996980000001,
            "max": 0.01472580456,
            "count": 3
        },
        "Enemy.Policy.GAILPolicyEstimate.mean": {
            "value": 0.13364547020784953,
            "min": 0.13364547020784953,
            "max": 0.2560963219355728,
            "count": 3
        },
        "Enemy.Policy.GAILPolicyEstimate.sum": {
            "value": 5.2121733381061315,
            "min": 2.817059541291301,
            "max": 5.269891080428142,
            "count": 3
        },
        "Enemy.Policy.GAILExpertEstimate.mean": {
            "value": 0.8468574929222922,
            "min": 0.7930469752741587,
            "max": 0.8468574929222922,
            "count": 3
        },
        "Enemy.Policy.GAILExpertEstimate.sum": {
            "value": 33.027442223969395,
            "min": 8.723516728015746,
            "max": 33.027442223969395,
            "count": 3
        },
        "Enemy.Losses.GAILLoss.mean": {
            "value": 0.32394926525095563,
            "min": 0.32394926525095563,
            "max": 0.5677633813605514,
            "count": 3
        },
        "Enemy.Losses.GAILLoss.sum": {
            "value": 12.63402134478727,
            "min": 6.245397194966065,
            "max": 12.676390057788876,
            "count": 3
        },
        "Enemy.Policy.GAILGradMagLoss.mean": {
            "value": 0.1312976747222336,
            "min": 0.1312976747222336,
            "max": 0.1533193183138289,
            "count": 3
        },
        "Enemy.Policy.GAILGradMagLoss.sum": {
            "value": 5.120609314167111,
            "min": 1.5963074812356433,
            "max": 5.120609314167111,
            "count": 3
        },
        "Enemy.Losses.PretrainingLoss.mean": {
            "value": 0.1130786018673372,
            "min": 0.1130786018673372,
            "max": 0.12192817460889684,
            "count": 3
        },
        "Enemy.Losses.PretrainingLoss.sum": {
            "value": 4.410065472826151,
            "min": 1.3412099206978652,
            "max": 4.410065472826151,
            "count": 3
        },
        "Enemy.IsTraining.mean": {
            "value": 1.0,
            "min": 1.0,
            "max": 1.0,
            "count": 3
        },
        "Enemy.IsTraining.sum": {
            "value": 1.0,
            "min": 1.0,
            "max": 1.0,
            "count": 3
        }
    },
    "metadata": {
        "timer_format_version": "0.1.0",
        "start_time_seconds": "1680547738",
        "python_version": "3.7.9 (tags/v3.7.9:13c94747c7, Aug 17 2020, 18:58:18) [MSC v.1900 64 bit (AMD64)]",
        "command_line_arguments": "C:\\Users\\thoma\\OneDrive - University of Sussex\\Year 3\\Individual Project\\Code\\Final Year Project\\venv\\Scripts\\mlagents-learn config/config.yaml --run-id=Agent_4 --resume",
        "mlagents_version": "0.26.0",