{
    "name": "root",
    "metadata": {
        "timer_format_version": "0.1.0",
        "start_time_seconds": "1680363151",
        "python_version": "3.9.13 (tags/v3.9.13:6de2ca5, May 17 2022, 16:36:42) [MSC v.1929 64 bit (AMD64)]",
        "command_line_arguments": "C:\\Users\\thoma\\OneDrive - University of Sussex\\Year 3\\Individual Project\\Code\\Final Year Project\\venv\\Scripts\\mlagents-learn config/config.yaml --run-id=Imitation --resume",
        "mlagents_version": "0.30.0",
        "mlagents_envs_version": "0.30.0",
        "communication_protocol_version": "1.5.0",
        "pytorch_version": "2.0.0+cpu",
        "numpy_version": "1.21.2",
        "end_time_seconds": "1680363163"
    },
    "total": 11.995991400000001,
    "count": 1,
    "self": 0.006497700000000606,
    "children": {
        "run_training.setup": {
            "total": 0.08675090000000019,
            "count": 1,
            "self": 0.08675090000000019
        },
        "TrainerController.start_learning": {
            "total": 11.9027428,
            "count": 1,
            "self": 7.440000000080715e-05,
            "children": {
                "TrainerController._reset_env": {
                    "total": 11.8144117,
                    "count": 1,
                    "self": 11.1090771,
                    "children": {
                        "demo_to_buffer": {
                            "total": 0.7053346000000005,
                            "count": 2,
                            "self": 5.880000000146879e-05,
                            "children": {
                                "load_demonstration": {
                                    "total": 0.009959899999998356,
                                    "count": 2,
                                    "self": 0.009813499999998143,
                                    "children": {
                                        "read_file": {
                                            "total": 0.00014640000000021303,
                                            "count": 2,
                                            "self": 0.00014640000000021303
                                        }
                                    }
                                },
                                "make_demo_buffer": {
                                    "total": 0.6953159000000007,
                                    "count": 2,
                                    "self": 0.12169999999997572,
                                    "children": {
                                        "steps_from_proto": {
                                            "total": 0.5736159000000249,
                                            "count": 5640,
                                            "self": 0.4097667999999306,
                                            "children": {
                                                "_process_rank_one_or_two_observation": {
                                                    "total": 0.16384910000009434,
                                                    "count": 11280,
                                                    "self": 0.16384910000009434
                                                }
                                            }
                                        }
                                    }
                                }
                            }
                        }
                    }
                },
                "TrainerController._save_models": {
                    "total": 0.08825669999999874,
                    "count": 1,
                    "self": 1.4600000000086766e-05,
                    "children": {
                        "RLTrainer._checkpoint": {
                            "total": 0.08824209999999866,
                            "count": 1,
                            "self": 0.08824209999999866
                        }
                    }
                }
            }
        }
    }
}