{
    "name": "root",
    "gauges": {
        "Enemy.Policy.Entropy.mean": {
            "value": 2.417722225189209,
            "min": 1.885572910308838,
            "max": 3.896749496459961,
            "count": 20
        },
        "Enemy.Policy.Entropy.sum": {
            "value": 23983.8046875,
            "min": 18644.544921875,
            "max": 40650.890625,
            "count": 20
        },
        "Enemy.Environment.EpisodeLength.mean": {
            "value": 1156.0,
            "min": 305.5,
            "max": 1999.0,
            "count": 20
        },
        "Enemy.Environment.EpisodeLength.sum": {
            "value": 10404.0,
            "min": 3055.0,
            "max": 18009.0,
            "count": 20
        },
        "Enemy.Step.mean": {
            "value": 199980.0,
            "min": 9977.0,
            "max": 199980.0,
            "count": 20
        },
        "Enemy.Step.sum": {
            "value": 199980.0,
            "min": 9977.0,
            "max": 199980.0,
            "count": 20
        },
        "Enemy.Policy.ExtrinsicValueEstimate.mean": {
            "value": 0.01835712045431137,
            "min": -0.04461091756820679,
            "max": 0.10503450036048889,
            "count": 20
        },
        "Enemy.Policy.ExtrinsicValueEstimate.sum": {
            "value": 2.973853588104248,
            "min": -7.162684440612793,
            "max": 16.910554885864258,
            "count": 20
        },
        "Enemy.Environment.CumulativeReward.mean": {
            "value": -0.02272224421095517,
            "min": -0.9999000465807816,
            "max": 0.8469299834221602,
            "count": 20
        },
        "Enemy.Environment.CumulativeReward.sum": {
            "value": -0.20450019789859653,
            "min": -8.007900413125753,
            "max": 8.469299834221601,
            "count": 20
        },
        "Enemy.Policy.ExtrinsicReward.mean": {
            "value": -0.02272224421095517,
            "min": -0.9999000465807816,
            "max": 0.8469299834221602,
            "count": 20
        },
        "Enemy.Policy.ExtrinsicReward.sum": {
            "value": -0.20450019789859653,
            "min": -8.007900413125753,
            "max": 8.469299834221601,
            "count": 20
        },
        "Enemy.Losses.PolicyLoss.mean": {
            "value": 0.24734602713982373,
            "min": 0.23608157904889232,
            "max": 0.2509590460034702,
            "count": 20
        },
        "Enemy.Losses.PolicyLoss.sum": {
            "value": 18.55095203548678,
            "min": 6.545964655642286,
            "max": 18.746094561562092,
            "count": 20
        },
        "Enemy.Losses.ValueLoss.mean": {
            "value": 0.0039286160101885065,
            "min": 1.345687120436994e-05,
            "max": 0.012114608944002781,
            "count": 20
        },
        "Enemy.Losses.ValueLoss.sum": {
            "value": 0.294646200764138,
            "min": 0.0009150672418971559,
            "max": 0.9085956708002086,
            "count": 20
        },
        "Enemy.Policy.LearningRate.mean": {
            "value": 0.00027074149375283865,
            "min": 0.00027074149375283865,
            "max": 0.0002990972558564703,
            "count": 20
        },
        "Enemy.Policy.LearningRate.sum": {
            "value": 0.0203056120314629,
            "min": 0.008075625908124698,
            "max": 0.02223477283840915,
            "count": 20
        },
        "Enemy.Policy.Epsilon.mean": {
            "value": 0.1902471613333334,
            "min": 0.1902471613333334,
            "max": 0.19969908518518517,
            "count": 20
        },
        "Enemy.Policy.Epsilon.sum": {
            "value": 14.268537100000003,
            "min": 5.3918753,
            "max": 15.111590849999999,
            "count": 20
        },
        "Enemy.Policy.Beta.mean": {
            "value": 0.0004522110905333335,
            "min": 0.0004522110905333335,
            "max": 0.0004985255174074074,
            "count": 20
        },
        "Enemy.Policy.Beta.sum": {
            "value": 0.03391583179000001,
            "min": 0.01346018897,
            "max": 0.037086795165000006,
            "count": 20
        },
        "Enemy.IsTraining.mean": {
            "value": 1.0,
            "min": 1.0,
            "max": 1.0,
            "count": 20
        },
        "Enemy.IsTraining.sum": {
            "value": 1.0,
            "min": 1.0,
            "max": 1.0,
            "count": 20
        }
    },
    "metadata": {
        "timer_format_version": "0.1.0",
        "start_time_seconds": "1680714891",
        "python_version": "3.7.9 (tags/v3.7.9:13c94747c7, Aug 17 2020, 18:58:18) [MSC v.1900 64 bit (AMD64)]",
        "command_line_arguments": "C:\\Users\\thoma\\OneDrive - University of Sussex\\Year 3\\Individual Project\\Code\\Final Year Project\\venv\\Scripts\\mlagents-learn config\\config.yaml --run-id=RedSquare",
        "mlagents_version": "0.26.0",
        "mlagents_envs_version": "0.26.0",
        "communication_protocol_version": "1.5.0",
        "pytorch_version": "1.7.1+cu110",
        "numpy_version": "1.21.6",
        "end_time_seconds": "1680716039"
    },
    "total": 1147.8653991,
    "count": 1,
    "self": 0.004828099999940605,
    "children": {
        "run_training.setup": {
            "total": 0.06959780000000004,
            "count": 1,
            "self": 0.06959780000000004
        },
        "TrainerController.start_learning": {
            "total": 1147.7909732,
            "count": 1,
            "self": 0.23833539999372988,
            "children": {
                "TrainerController._reset_env": {
                    "total": 5.7130603,
                    "count": 1,
                    "self": 5.7130603
                },
                "TrainerController.advance": {
                    "total": 1141.5778494000062,
                    "count": 12894,
                    "self": 0.21477590000904456,
                    "children": {
                        "env_step": {
                            "total": 166.9163181000033,
                            "count": 12894,
                            "self": 117.44804430000379,
                            "children": {
                                "SubprocessEnvManager._take_step": {
                                    "total": 49.32325389999861,
                                    "count": 12894,
                                    "self": 0.6133353999996274,
                                    "children": {
                                        "TorchPolicy.evaluate": {
                                            "total": 48.709918499998984,
                                            "count": 12767,
                                            "self": 2.781555899997855,
                                            "children": {
                                                "TorchPolicy.sample_actions": {
                                                    "total": 45.92836260000113,
                                                    "count": 12767,
                                                    "self": 45.92836260000113
                                                }
                                            }
                                        }
                                    }
                                },
                                "workers": {
                                    "total": 0.14501990000091425,
                                    "count": 12893,
                                    "self": 0.0,
                                    "children": {
                                        "worker_root": {
                                            "total": 1140.9172077999976,
                                            "count": 12893,
                                            "is_parallel": true,
                                            "self": 1039.2039195999896,