{
    "name": "root",
    "gauges": {
        "Enemy.Policy.Entropy.mean": {
            "value": 2.1313974857330322,
            "min": 1.9194353818893433,
            "max": 2.1313974857330322,
            "count": 8
        },
        "Enemy.Policy.Entropy.sum": {
            "value": 42696.15234375,
            "min": 38634.39453125,
            "max": 42696.15234375,
            "count": 8
        },
        "Enemy.Environment.EpisodeLength.mean": {
            "value": 175.3272727272727,
            "min": 104.1125,
            "max": 175.3272727272727,
            "count": 8
        },
        "Enemy.Environment.EpisodeLength.sum": {
            "value": 19286.0,
            "min": 16658.0,
            "max": 22210.0,
            "count": 8
        },
        "Enemy.Self-play.ELO.mean": {
            "value": 1205.982462937358,
            "min": 1205.982462937358,
            "max": 1210.089253536261,
            "count": 8
        },
        "Enemy.Self-play.ELO.sum": {
            "value": 66329.03546155468,
            "min": 66329.03546155468,
            "max": 106342.9577084403,
            "count": 8
        },
        "Enemy.Step.mean": {
            "value": 1279974.0,
            "min": 1209966.0,
            "max": 1279974.0,
            "count": 8
        },
        "Enemy.Step.sum": {
            "value": 1279974.0,
            "min": 1209966.0,
            "max": 1279974.0,
            "count": 8
        },
        "Enemy.Policy.ExtrinsicValueEstimate.mean": {
            "value": -0.15145239233970642,
            "min": -0.19457286596298218,
            "max": -0.011245456524193287,
            "count": 8
        },
        "Enemy.Policy.ExtrinsicValueEstimate.sum": {
            "value": -27.86724090576172,
            "min": -37.35799026489258,
            "max": -2.192863941192627,
            "count": 8
        },
        "Enemy.Environment.CumulativeReward.mean": {
            "value": -0.4730926040146086,
            "min": -0.4730926040146086,
            "max": -0.10340000880616051,
            "count": 8
        },
        "Enemy.Environment.CumulativeReward.sum": {
            "value": -25.547000616788864,
            "min": -30.250000558793545,
            "max": -7.238000616431236,
            "count": 8
        },
        "Enemy.Policy.ExtrinsicReward.mean": {
            "value": -0.4730926040146086,
            "min": -0.4730926040146086,
            "max": -0.10340000880616051,
            "count": 8
        },
        "Enemy.Policy.ExtrinsicReward.sum": {
            "value": -25.547000616788864,
            "min": -30.250000558793545,
            "max": -7.238000616431236,
            "count": 8
        },
        "Enemy.Losses.PolicyLoss.mean": {
            "value": 0.24486658056297916,
            "min": 0.24048989584155267,
            "max": 0.25241681356993817,
            "count": 8
        },
        "Enemy.Losses.PolicyLoss.sum": {
            "value": 17.87526038109748,
            "min": 15.44940961445839,
            "max": 18.74393616959082,
            "count": 8
        },
        "Enemy.Losses.ValueLoss.mean": {
            "value": 0.06688235941238208,
            "min": 0.06064196596174034,
            "max": 0.11702243549035168,
            "count": 8
        },
        "Enemy.Losses.ValueLoss.sum": {
            "value": 4.882412237103892,
            "min": 4.487505481168785,
            "max": 7.488513206649193,
            "count": 8
        },
        "Enemy.Policy.LearningRate.mean": {
            "value": 0.00010875110142088698,
            "min": 0.00010875110142088698,
            "max": 0.00011916023170851428,
            "count": 8
        },
        "Enemy.Policy.LearningRate.sum": {
            "value": 0.007938830403724749,
            "min": 0.007507094597636399,
            "max": 0.008712451195851099,
            "count": 8
        },
        "Enemy.Policy.Epsilon.mean": {
            "value": 0.13625034589041096,
            "min": 0.13625034589041096,
            "max": 0.13972005714285715,
            "count": 8
        },
        "Enemy.Policy.Epsilon.sum": {
            "value": 9.946275250000001,
            "min": 8.802363600000001,
            "max": 10.393049799999998,
            "count": 8
        },
        "Enemy.Policy.Beta.mean": {
            "value": 0.00018762669486301368,
            "min": 0.00018762669486301368,
            "max": 0.00020462828,
            "count": 8
        },
        "Enemy.Policy.Beta.sum": {
            "value": 0.013696748725,
            "min": 0.01289158164,
            "max": 0.014970329609999998,
            "count": 8
        },
        "Enemy.IsTraining.mean": {
            "value": 1.0,
            "min": 1.0,
            "max": 1.0,
            "count": 8
        },
        "Enemy.IsTraining.sum": {
            "value": 1.0,
            "min": 1.0,
            "max": 1.0,
            "count": 8
        }
    },
    "metadata": {
        "timer_format_version": "0.1.0",
        "start_time_seconds": "1680704685",
        "python_version": "3.7.9 (tags/v3.7.9:13c94747c7, Aug 17 2020, 18:58:18) [MSC v.1900 64 bit (AMD64)]",
        "command_line_arguments": "C:\\Users\\thoma\\OneDrive - University of Sussex\\Year 3\\Individual Project\\Code\\Final Year Project\\venv\\Scripts\\mlagents-learn config\\config.yaml --run-id=Self_Play_3 --resume",
        "mlagents_version": "0.26.0",
        "mlagents_envs_version": "0.26.0",
        "communication_protocol_version": "1.5.0",
        "pytorch_version": "1.7.1+cu110",
        "numpy_version": "1.21.6",
        "end_time_seconds": "1680705215"
    },
    "total": 530.123259,
    "count": 1,
    "self": 0.005066299999953117,
    "children": {
        "run_training.setup": {
            "total": 0.08383180000000001,
            "count": 1,
            "self": 0.08383180000000001
        },
        "TrainerController.start_learning": {
            "total": 530.0343609,
            "count": 1,
            "self": 0.11596639999766012,
            "children": {
                "TrainerController._reset_env": {
                    "total": 4.5853835,
                    "count": 2,
                    "self": 4.5853835
                },
                "TrainerController.advance": {
                    "total": 525.0689547000025,
                    "count": 5839,
                    "self": 0.1061125000019274,
                    "children": {
                        "env_step": {
                            "total": 111.29030649999832,
                            "count": 5839,
                            "self": 70.88226929999769,
                            "children": {
                                "SubprocessEnvManager._take_step": {
                                    "total": 40.33986430000064,
                                    "count": 5839,
                                    "self": 0.5154909000012111,
                                    "children": {
                                        "TorchPolicy.evaluate": {
                                            "total": 39.82437339999943,
                                            "count": 10700,
                                            "self": 2.104271400001153,
                                            "children": {
                                                "TorchPolicy.sample_actions": {
                                                    "total": 37.72010199999828,
                                                    "count": 10700,
                                                    "self": 37.72010199999828
                                                }
                                            }
                                        }
                                    }
                                },
                                "workers": {
                                    "total": 0.06817289999998977,
                                    "count": 5838,