{
    "name": "root",
    "gauges": {
        "Enemy.Policy.Entropy.mean": {
            "value": 0.2580728232860565,
            "min": 0.18210789561271667,
            "max": 1.8145418167114258,
            "count": 12
        },
        "Enemy.Policy.Entropy.sum": {
            "value": 2588.986572265625,
            "min": 1823.99267578125,
            "max": 19016.3984375,
            "count": 12
        },
        "Enemy.Environment.EpisodeLength.mean": {
            "value": 727.375,
            "min": 162.07692307692307,
            "max": 999.0,
            "count": 12
        },
        "Enemy.Environment.EpisodeLength.sum": {
            "value": 5819.0,
            "min": 4214.0,
            "max": 13091.0,
            "count": 12
        },
        "Enemy.Step.mean": {
            "value": 119994.0,
            "min": 9936.0,
            "max": 119994.0,
            "count": 12
        },
        "Enemy.Step.sum": {
            "value": 119994.0,
            "min": 9936.0,
            "max": 119994.0,
            "count": 12
        },
        "Enemy.Policy.ExtrinsicValueEstimate.mean": {
            "value": -0.04097943753004074,
            "min": -0.07497862726449966,
            "max": 0.21209724247455597,
            "count": 12
        },
        "Enemy.Policy.ExtrinsicValueEstimate.sum": {
            "value": -6.597689628601074,
            "min": -11.921602249145508,
            "max": 34.57184982299805,
            "count": 12
        },
        "Enemy.Policy.GailValueEstimate.mean": {
            "value": 14.977482795715332,
            "min": 11.286188125610352,
            "max": 22.996824264526367,
            "count": 12
        },
        "Enemy.Policy.GailValueEstimate.sum": {
            "value": 2411.374755859375,
            "min": 1805.7901611328125,
            "max": 3725.485595703125,
            "count": 12
        },
        "Enemy.Environment.CumulativeReward.mean": {
            "value": -0.375,
            "min": -0.375,
            "max": 0.8,
            "count": 12
        },
        "Enemy.Environment.CumulativeReward.sum": {
            "value": -3.0,
            "min": -3.0,
            "max": 12.0,
            "count": 12
        },
        "Enemy.Policy.ExtrinsicReward.mean": {
            "value": -0.375,
            "min": -0.375,
            "max": 0.8,
            "count": 12
        },
        "Enemy.Policy.ExtrinsicReward.sum": {
            "value": -3.0,
            "min": -3.0,
            "max": 12.0,
            "count": 12
        },
        "Enemy.Policy.GailReward.mean": {
            "value": 122.34897772967815,
            "min": 51.04115812938947,
            "max": 244.1295109987259,
            "count": 12
        },
        "Enemy.Policy.GailReward.sum": {
            "value": 978.7918218374252,
            "min": 560.9539417028427,
            "max": 2685.424620985985,
            "count": 12
        },
        "Enemy.Losses.PolicyLoss.mean": {
            "value": 0.24160939535919684,
            "min": 0.23873791728331667,
            "max": 0.24916158192387297,
            "count": 12
        },
        "Enemy.Losses.PolicyLoss.sum": {
            "value": 17.879095256580566,
            "min": 15.139742101582367,
            "max": 19.18544180813822,
            "count": 12
        },
        "Enemy.Losses.ValueLoss.mean": {
            "value": 2.634531798404887,
            "min": 1.0826498999110514,
            "max": 14.34823135120324,
            "count": 12
        },
        "Enemy.Losses.ValueLoss.sum": {
            "value": 194.95535308196165,
            "min": 75.7854929937736,
            "max": 875.2421124233975,
            "count": 12
        },
        "Enemy.Policy.LearningRate.mean": {
            "value": 0.00023096611490319455,
            "min": 0.00023096611490319455,
            "max": 0.00029668670274377707,
            "count": 12
        },
        "Enemy.Policy.LearningRate.sum": {
            "value": 0.017091492502836397,
            "min": 0.0161178788273742,
            "max": 0.022413834228721997,
            "count": 12
        },
        "Enemy.Policy.Epsilon.mean": {
            "value": 0.1769886972972973,
            "min": 0.1769886972972973,
            "max": 0.19889556721311477,
            "count": 12
        },
        "Enemy.Policy.Epsilon.sum": {
            "value": 13.0971636,
            "min": 12.132629600000001,
            "max": 15.171278000000001,
            "count": 12
        },
        "Enemy.Policy.Beta.mean": {
            "value": 0.0003872446167567568,
            "min": 0.0003872446167567568,
            "max": 0.0004945882793442623,
            "count": 12
        },
        "Enemy.Policy.Beta.sum": {
            "value": 0.028656101640000004,
            "min": 0.02700586642,
            "max": 0.0373792622,
            "count": 12
        },
        "Enemy.Policy.GAILPolicyEstimate.mean": {
            "value": 0.18329686048286353,
            "min": 0.15927867786944808,
            "max": 0.36920865370727063,
            "count": 12
        },
        "Enemy.Policy.GAILPolicyEstimate.sum": {
            "value": 13.5639676757319,
            "min": 11.149507450861366,
            "max": 24.955031836281766,
            "count": 12
        },
        "Enemy.Policy.GAILExpertEstimate.mean": {
            "value": 0.8098110521344314,
            "min": 0.6376249203005576,
            "max": 0.8119680383757143,
            "count": 12
        },
        "Enemy.Policy.GAILExpertEstimate.sum": {
            "value": 59.92601785794792,
            "min": 38.895120138334015,
            "max": 59.92601785794792,
            "count": 12
        },
        "Enemy.Losses.GAILLoss.mean": {
            "value": 0.4750571360516085,
            "min": 0.43620458909406096,
            "max": 0.9780852909793377,
            "count": 12
        },
        "Enemy.Losses.GAILLoss.sum": {
            "value": 35.15422806781903,
            "min": 30.53432123658427,
            "max": 65.62709854860519,
            "count": 12
        },
        "Enemy.Policy.GAILGradMagLoss.mean": {
            "value": 0.06979794908821009,
            "min": 0.06602270766228031,
            "max": 0.2270489768098859,
            "count": 12
        },
        "Enemy.Policy.GAILGradMagLoss.sum": {
            "value": 5.165048232527547,
            "min": 4.4895441210350615,
            "max": 13.84998758540304,
            "count": 12
        },
        "Enemy.Losses.PretrainingLoss.mean": {
            "value": 0.2291786582682952,
            "min": 0.2291786582682952,
            "max": 0.3822588132139781,
            "count": 12
        },
        "Enemy.Losses.PretrainingLoss.sum": {
            "value": 16.959220711853845,
            "min": 15.765050031962472,
            "max": 23.845447291839378,
            "count": 12
        },
        "Enemy.IsTraining.mean": {
            "value": 1.0,
            "min": 1.0,
            "max": 1.0,
            "count": 12
        },
        "Enemy.IsTraining.sum": {
            "value": 1.0,
            "min": 1.0,
            "max": 1.0,
            "count": 12
        }
    },
    "metadata": {
        "timer_format_version": "0.1.0",
        "start_time_seconds": "1680615926",
        "python_version": "3.7.9 (tags/v3.7.9:13c94747c7, Aug 17 2020, 18:58:18) [MSC v.1900 64 bit (AMD64)]",
        "command_line_arguments": "C:\\Users\\thoma\\OneDrive - University of Sussex\\Year 3\\Individual Project\\Code\\Final Year Project\\venv\\Scripts\\mlagents-learn config\\config.yaml --run-id=NonMovingTarget_3 --force",
        "mlagents_version": "0.26.0",
        "mlagents_envs_version": "0.26.0",
        "communication_protocol_version": "1.5.0",
        "pytorch_version": "1.7.1+cu110",
        "numpy_version": "1.21.6",
        "end_time_seconds": "1680617333"
    },
    "total": 1406.9852293000001,
    "count": 1,
    "self": 0.00697510000031798,