{
    "name": "root",
    "gauges": {
        "Enemy.Policy.Entropy.mean": {
            "value": 1.8807309865951538,
            "min": 1.6064891815185547,
            "max": 3.8938326835632324,
            "count": 34
        },
        "Enemy.Policy.Entropy.sum": {
            "value": 37434.0703125,
            "min": 33312.16015625,
            "max": 81116.3203125,
            "count": 34
        },
        "Enemy.Environment.EpisodeLength.mean": {
            "value": 226.53191489361703,
            "min": 93.05813953488372,
            "max": 272.5945945945946,
            "count": 34
        },
        "Enemy.Environment.EpisodeLength.sum": {
            "value": 21294.0,
            "min": 9776.0,
            "max": 26242.0,
            "count": 34
        },
        "Enemy.Self-play.ELO.mean": {
            "value": 1152.8301321363836,
            "min": 1152.8301321363836,
            "max": 1193.6132888485017,
            "count": 34
        },
        "Enemy.Self-play.ELO.sum": {
            "value": 54183.01621041002,
            "min": 39542.99205297833,
            "max": 114856.64444842949,
            "count": 34
        },
        "Enemy.Step.mean": {
            "value": 339996.0,
            "min": 9987.0,
            "max": 339996.0,
            "count": 34
        },
        "Enemy.Step.sum": {
            "value": 339996.0,
            "min": 9987.0,
            "max": 339996.0,
            "count": 34
        },
        "Enemy.Policy.ExtrinsicValueEstimate.mean": {
            "value": -0.08147763460874557,
            "min": -0.2438845932483673,
            "max": 0.021303297951817513,
            "count": 34
        },
        "Enemy.Policy.ExtrinsicValueEstimate.sum": {
            "value": -14.747451782226562,
            "min": -51.70353317260742,
            "max": 3.941110134124756,
            "count": 34
        },
        "Enemy.Environment.CumulativeReward.mean": {
            "value": -0.3695652173913043,
            "min": -0.4823529411764706,
            "max": 0.14285714285714285,
            "count": 34
        },
        "Enemy.Environment.CumulativeReward.sum": {
            "value": -17.0,
            "min": -41.0,
            "max": 8.0,
            "count": 34
        },
        "Enemy.Policy.ExtrinsicReward.mean": {
            "value": -0.3695652173913043,
            "min": -0.4823529411764706,
            "max": 0.14285714285714285,
            "count": 34
        },
        "Enemy.Policy.ExtrinsicReward.sum": {
            "value": -17.0,
            "min": -41.0,
            "max": 8.0,
            "count": 34
        },
        "Enemy.Losses.PolicyLoss.mean": {
            "value": 0.2457270601061465,
            "min": 0.23727941157042276,
            "max": 0.25277183673734255,
            "count": 34
        },
        "Enemy.Losses.PolicyLoss.sum": {
            "value": 18.18380244785484,
            "min": 10.104975623250095,
            "max": 18.95845337248317,
            "count": 34
        },
        "Enemy.Losses.ValueLoss.mean": {
            "value": 0.02934756411179653,
            "min": 0.024308455866626222,
            "max": 0.060032316905761766,
            "count": 34
        },
        "Enemy.Losses.ValueLoss.sum": {
            "value": 2.1717197442729432,
            "min": 1.5481662833144638,
            "max": 4.562456084837894,
            "count": 34
        },
        "Enemy.Policy.LearningRate.mean": {
            "value": 0.00019949041323293645,
            "min": 0.00019949041323293645,
            "max": 0.0002983462874364836,
            "count": 34
        },
        "Enemy.Policy.LearningRate.sum": {
            "value": 0.014762290579237298,
            "min": 0.0087500499833171,
            "max": 0.022522237992587398,
            "count": 34
        },
        "Enemy.Policy.Epsilon.mean": {
            "value": 0.16649679324324324,
            "min": 0.16649679324324324,
            "max": 0.199448762295082,
            "count": 34
        },
        "Enemy.Policy.Epsilon.sum": {
            "value": 12.3207627,
            "min": 7.116682900000002,
            "max": 15.207412600000001,
            "count": 34
        },
        "Enemy.Policy.Beta.mean": {
            "value": 0.0003358342868918919,
            "min": 0.0003358342868918919,
            "max": 0.0004972989352459016,
            "count": 34
        },
        "Enemy.Policy.Beta.sum": {
            "value": 0.02485173723,
            "min": 0.014711746210000001,
            "max": 0.03755632174000001,
            "count": 34
        },
        "Enemy.IsTraining.mean": {
            "value": 1.0,
            "min": 1.0,
            "max": 1.0,
            "count": 34
        },
        "Enemy.IsTraining.sum": {
            "value": 1.0,
            "min": 1.0,
            "max": 1.0,
            "count": 34
        }
    },
    "metadata": {
        "timer_format_version": "0.1.0",
        "start_time_seconds": "1680693744",
        "python_version": "3.7.9 (tags/v3.7.9:13c94747c7, Aug 17 2020, 18:58:18) [MSC v.1900 64 bit (AMD64)]",
        "command_line_arguments": "C:\\Users\\thoma\\OneDrive - University of Sussex\\Year 3\\Individual Project\\Code\\Final Year Project\\venv\\Scripts\\mlagents-learn config\\config.yaml --run-id=Self_Play_2",
        "mlagents_version": "0.26.0",
        "mlagents_envs_version": "0.26.0",
        "communication_protocol_version": "1.5.0",
        "pytorch_version": "1.7.1+cu110",
        "numpy_version": "1.21.6",
        "end_time_seconds": "1680695850"
    },
    "total": 2106.8322612,
    "count": 1,
    "self": 0.00505669999984093,
    "children": {
        "run_training.setup": {
            "total": 0.08650780000000013,
            "count": 1,
            "self": 0.08650780000000013
        },
        "TrainerController.start_learning": {
            "total": 2106.7406967,
            "count": 1,
            "self": 0.4750681999862536,
            "children": {
                "TrainerController._reset_env": {
                    "total": 4.730036800000032,
                    "count": 4,
                    "self": 4.730036800000032
                },
                "TrainerController.advance": {
                    "total": 2101.282464800014,
                    "count": 23276,
                    "self": 0.4438745000184099,
                    "children": {
                        "env_step": {
                            "total": 430.9158195000015,
                            "count": 23276,
                            "self": 266.0538046000155,
                            "children": {
                                "SubprocessEnvManager._take_step": {
                                    "total": 164.58572880000602,
                                    "count": 23276,
                                    "self": 2.0527256999957615,
                                    "children": {
                                        "TorchPolicy.evaluate": {
                                            "total": 162.53300310001026,
                                            "count": 43480,
                                            "self": 8.655867900006086,
                                            "children": {
                                                "TorchPolicy.sample_actions": {
                                                    "total": 153.87713520000418,
                                                    "count": 43480,
                                                    "self": 153.87713520000418
                                                }
                                            }
                                        }
                                    }
                                },
                                "workers": {
                                    "total": 0.2762860999799308,
                                    "count": 23275,
                                    "self": 0.0,