{
    "name": "root",
    "gauges": {
        "Enemy.Policy.Entropy.mean": {
            "value": 3.9321441650390625,
            "min": 3.9321441650390625,
            "max": 3.9321441650390625,
            "count": 1
        },
        "Enemy.Policy.Entropy.sum": {
            "value": 41523.44140625,
            "min": 41523.44140625,
            "max": 41523.44140625,
            "count": 1
        },
        "Enemy.Environment.EpisodeLength.mean": {
            "value": 112.85714285714286,
            "min": 112.85714285714286,
            "max": 112.85714285714286,
            "count": 1
        },
        "Enemy.Environment.EpisodeLength.sum": {
            "value": 1580.0,
            "min": 1580.0,
            "max": 1580.0,
            "count": 1
        },
        "Enemy.Step.mean": {
            "value": 9983.0,
            "min": 9983.0,
            "max": 9983.0,
            "count": 1
        },
        "Enemy.Step.sum": {
            "value": 9983.0,
            "min": 9983.0,
            "max": 9983.0,
            "count": 1
        },
        "Enemy.Policy.ExtrinsicValueEstimate.mean": {
            "value": 0.06661803275346756,
            "min": 0.06661803275346756,
            "max": 0.06661803275346756,
            "count": 1
        },
        "Enemy.Policy.ExtrinsicValueEstimate.sum": {
            "value": 10.858739852905273,
            "min": 10.858739852905273,
            "max": 10.858739852905273,
            "count": 1
        },
        "Enemy.Environment.CumulativeReward.mean": {
            "value": 0.018215381755278662,
            "min": 0.018215381755278662,
            "max": 0.018215381755278662,
            "count": 1
        },
        "Enemy.Environment.CumulativeReward.sum": {
            "value": 0.2367999628186226,
            "min": 0.2367999628186226,
            "max": 0.2367999628186226,
            "count": 1
        },
        "Enemy.Policy.ExtrinsicReward.mean": {
            "value": 0.018215381755278662,
            "min": 0.018215381755278662,
            "max": 0.018215381755278662,
            "count": 1
        },
        "Enemy.Policy.ExtrinsicReward.sum": {
            "value": 0.2367999628186226,
            "min": 0.2367999628186226,
            "max": 0.2367999628186226,
            "count": 1
        },
        "Enemy.Losses.PolicyLoss.mean": {
            "value": 0.24819822779839631,
            "min": 0.24819822779839631,
            "max": 0.24819822779839631,
            "count": 1
        },
        "Enemy.Losses.PolicyLoss.sum": {
            "value": 4.71576632816953,
            "min": 4.71576632816953,
            "max": 4.71576632816953,
            "count": 1
        },
        "Enemy.Losses.ValueLoss.mean": {
            "value": 0.021988437296578938,
            "min": 0.021988437296578938,
            "max": 0.021988437296578938,
            "count": 1
        },
        "Enemy.Losses.ValueLoss.sum": {
            "value": 0.4177803086349998,
            "min": 0.4177803086349998,
            "max": 0.4177803086349998,
            "count": 1
        },
        "Enemy.Policy.LearningRate.mean": {
            "value": 0.00029920654763290527,
            "min": 0.00029920654763290527,
            "max": 0.00029920654763290527,
            "count": 1
        },
        "Enemy.Policy.LearningRate.sum": {
            "value": 0.0056849244050252,
            "min": 0.0056849244050252,
            "max": 0.0056849244050252,
            "count": 1
        },
        "Enemy.Policy.Epsilon.mean": {
            "value": 0.19973551578947368,
            "min": 0.19973551578947368,
            "max": 0.19973551578947368,
            "count": 1
        },
        "Enemy.Policy.Epsilon.sum": {
            "value": 3.7949748,
            "min": 3.7949748,
            "max": 3.7949748,
            "count": 1
        },
        "Enemy.Policy.Beta.mean": {
            "value": 0.000498704027368421,
            "min": 0.000498704027368421,
            "max": 0.000498704027368421,
            "count": 1
        },
        "Enemy.Policy.Beta.sum": {
            "value": 0.009475376519999999,
            "min": 0.009475376519999999,
            "max": 0.009475376519999999,
            "count": 1
        },
        "Enemy.IsTraining.mean": {
            "value": 1.0,
            "min": 1.0,
            "max": 1.0,
            "count": 1
        },
        "Enemy.IsTraining.sum": {
            "value": 1.0,
            "min": 1.0,
            "max": 1.0,
            "count": 1
        }
    },
    "metadata": {
        "timer_format_version": "0.1.0",
        "start_time_seconds": "1680714703",
        "python_version": "3.7.9 (tags/v3.7.9:13c94747c7, Aug 17 2020, 18:58:18) [MSC v.1900 64 bit (AMD64)]",
        "command_line_arguments": "C:\\Users\\thoma\\OneDrive - University of Sussex\\Year 3\\Individual Project\\Code\\Final Year Project\\venv\\Scripts\\mlagents-learn config\\config.yaml --run-id=Self_Play_5 --force",
        "mlagents_version": "0.26.0",
        "mlagents_envs_version": "0.26.0",
        "communication_protocol_version": "1.5.0",
        "pytorch_version": "1.7.1+cu110",
        "numpy_version": "1.21.6",
        "end_time_seconds": "1680714794"
    },
    "total": 91.90148219999999,
    "count": 1,
    "self": 0.004939799999988281,
    "children": {
        "run_training.setup": {
            "total": 0.08441370000000004,
            "count": 1,
            "self": 0.08441370000000004
        },
        "TrainerController.start_learning": {
            "total": 91.8121287,
            "count": 1,
            "self": 0.010207199999925365,
            "children": {
                "TrainerController._reset_env": {
                    "total": 4.5862719,
                    "count": 1,
                    "self": 4.5862719
                },
                "TrainerController.advance": {
                    "total": 86.95976160000008,
                    "count": 522,
                    "self": 0.009164799999879847,
                    "children": {
                        "env_step": {
                            "total": 8.845010800000153,
                            "count": 522,
                            "self": 6.295276900000196,
                            "children": {
                                "SubprocessEnvManager._take_step": {
                                    "total": 2.5437796000000095,
                                    "count": 522,
                                    "self": 0.029891100000067006,
                                    "children": {
                                        "TorchPolicy.evaluate": {
                                            "total": 2.5138884999999425,
                                            "count": 514,
                                            "self": 0.12214249999986126,
                                            "children": {
                                                "TorchPolicy.sample_actions": {
                                                    "total": 2.391746000000081,
                                                    "count": 514,
                                                    "self": 2.391746000000081
                                                }
                                            }
                                        }
                                    }
                                },
                                "workers": {
                                    "total": 0.005954299999948454,
                                    "count": 521,
                                    "self": 0.0,
                                    "children": {
                                        "worker_root": {
                                            "total": 86.93409879999996,
                                            "count": 521,
                                            "is_parallel": true,
                                            "self": 81.59899409999996,