{
    "name": "root",
    "gauges": {
        "Enemy.Policy.Entropy.mean": {
            "value": 0.5363013744354248,
            "min": 0.45999646186828613,
            "max": 0.5363013744354248,
            "count": 4
        },
        "Enemy.Policy.Entropy.sum": {
            "value": 5285.7861328125,
            "min": 1060.312255859375,
            "max": 5285.7861328125,
            "count": 4
        },
        "Enemy.Step.mean": {
            "value": 59982.0,
            "min": 29978.0,
            "max": 59982.0,
            "count": 4
        },
        "Enemy.Step.sum": {
            "value": 59982.0,
            "min": 29978.0,
            "max": 59982.0,
            "count": 4
        },
        "Enemy.Policy.ExtrinsicValueEstimate.mean": {
            "value": 0.0074963653460145,
            "min": -0.026658693328499794,
            "max": 0.16845127940177917,
            "count": 4
        },
        "Enemy.Policy.ExtrinsicValueEstimate.sum": {
            "value": 1.1994184255599976,
            "min": -0.6398086547851562,
            "max": 26.783754348754883,
            "count": 4
        },
        "Enemy.Policy.GailValueEstimate.mean": {
            "value": 9.903861999511719,
            "min": 9.903861999511719,
            "max": 18.939451217651367,
            "count": 4
        },
        "Enemy.Policy.GailValueEstimate.sum": {
            "value": 1584.617919921875,
            "min": 454.54681396484375,
            "max": 2105.17529296875,
            "count": 4
        },
        "Enemy.Losses.PolicyLoss.mean": {
            "value": 0.24009535853688807,
            "min": 0.24009535853688807,
            "max": 0.25819587818532574,
            "count": 4
        },
        "Enemy.Losses.PolicyLoss.sum": {
            "value": 11.044386492696852,
            "min": 0.25819587818532574,
            "max": 11.044386492696852,
            "count": 4
        },
        "Enemy.Losses.ValueLoss.mean": {
            "value": 2.36316293585015,
            "min": 2.36316293585015,
            "max": 16.89879946381438,
            "count": 4
        },
        "Enemy.Losses.ValueLoss.sum": {
            "value": 108.7054950491069,
            "min": 16.89879946381438,
            "max": 109.9264120981873,
            "count": 4
        },
        "Enemy.Policy.LearningRate.mean": {
            "value": 0.00026682659801432606,
            "min": 0.00026682659801432606,
            "max": 0.0002823204058932001,
            "count": 4
        },
        "Enemy.Policy.LearningRate.sum": {
            "value": 0.012274023508658999,
            "min": 0.0002823204058932001,
            "max": 0.012274023508658999,
            "count": 4
        },
        "Enemy.Policy.Epsilon.mean": {
            "value": 0.1889421956521739,
            "min": 0.1889421956521739,
            "max": 0.19410680000000005,
            "count": 4
        },
        "Enemy.Policy.Epsilon.sum": {
            "value": 8.691341,
            "min": 0.19410680000000005,
            "max": 8.691341,
            "count": 4
        },
        "Enemy.Policy.Beta.mean": {
            "value": 0.0004458167586956522,
            "min": 0.0004458167586956522,
            "max": 0.00047112332,
            "count": 4
        },
        "Enemy.Policy.Beta.sum": {
            "value": 0.0205075709,
            "min": 0.00047112332,
            "max": 0.0205075709,
            "count": 4
        },
        "Enemy.Policy.GAILPolicyEstimate.mean": {
            "value": 0.16432834636945393,
            "min": 0.16432834636945393,
            "max": 0.35850194802666024,
            "count": 4
        },
        "Enemy.Policy.GAILPolicyEstimate.sum": {
            "value": 7.559103932994881,
            "min": 0.35850194802666024,
            "max": 7.559103932994881,
            "count": 4
        },
        "Enemy.Policy.GAILExpertEstimate.mean": {
            "value": 0.8372439599104706,
            "min": 0.7244375318873162,
            "max": 0.8372439599104706,
            "count": 4
        },
        "Enemy.Policy.GAILExpertEstimate.sum": {
            "value": 38.51322215588165,
            "min": 0.7244375318873162,
            "max": 38.51322215588165,
            "count": 4
        },
        "Enemy.Losses.GAILLoss.mean": {
            "value": 0.41889162674209823,
            "min": 0.41889162674209823,
            "max": 0.8576292959498424,
            "count": 4
        },
        "Enemy.Losses.GAILLoss.sum": {
            "value": 19.26901483013652,
            "min": 0.8576292959498424,
            "max": 19.26901483013652,
            "count": 4
        },
        "Enemy.Policy.GAILGradMagLoss.mean": {
            "value": 0.059596493211141854,
            "min": 0.059596493211141854,
            "max": 0.0908149267249532,
            "count": 4
        },
        "Enemy.Policy.GAILGradMagLoss.sum": {
            "value": 2.741438687712525,
            "min": 0.07083506649968768,
            "max": 2.741438687712525,
            "count": 4
        },
        "Enemy.Losses.PretrainingLoss.mean": {
            "value": 0.22343658466249555,
            "min": 0.22343658466249555,
            "max": 0.23010723105357495,
            "count": 4
        },
        "Enemy.Losses.PretrainingLoss.sum": {
            "value": 10.278082894474796,
            "min": 0.23010723105357495,
            "max": 10.278082894474796,
            "count": 4
        },
        "Enemy.IsTraining.mean": {
            "value": 1.0,
            "min": 1.0,
            "max": 1.0,
            "count": 4
        },
        "Enemy.IsTraining.sum": {
            "value": 1.0,
            "min": 1.0,
            "max": 1.0,
            "count": 4
        },
        "Enemy.Environment.EpisodeLength.mean": {
            "value": 932.5,
            "min": 536.0,
            "max": 932.5,
            "count": 3
        },
        "Enemy.Environment.EpisodeLength.sum": {
            "value": 13055.0,
            "min": 2144.0,
            "max": 13667.0,
            "count": 3
        },
        "Enemy.Environment.CumulativeReward.mean": {
            "value": 0.125,
            "min": 0.125,
            "max": 2.0,
            "count": 3
        },
        "Enemy.Environment.CumulativeReward.sum": {
            "value": 1.0,
            "min": 1.0,
            "max": 8.0,
            "count": 3
        },
        "Enemy.Policy.ExtrinsicReward.mean": {
            "value": 0.125,
            "min": 0.125,
            "max": 2.0,
            "count": 3
        },
        "Enemy.Policy.ExtrinsicReward.sum": {
            "value": 1.0,
            "min": 1.0,
            "max": 8.0,
            "count": 3
        },
        "Enemy.Policy.GailReward.mean": {
            "value": 112.95759512484074,
            "min": 95.51739844679832,
            "max": 118.44006741046906,
            "count": 3
        },
        "Enemy.Policy.GailReward.sum": {
            "value": 903.6607609987259,
            "min": 382.0695937871933,
            "max": 1895.0410785675049,
            "count": 3
        }
    },
    "metadata": {
        "timer_format_version": "0.1.0",
        "start_time_seconds": "1680627291",
        "python_version": "3.7.9 (tags/v3.7.9:13c94747c7, Aug 17 2020, 18:58:18) [MSC v.1900 64 bit (AMD64)]",
        "command_line_arguments": "C:\\Users\\thoma\\OneDrive - University of Sussex\\Year 3\\Individual Project\\Code\\Final Year Project\\venv\\Scripts\\mlagents-learn config\\config.yaml --run-id=NonMovingTarget_6 --resume",
        "mlagents_version": "0.26.0",
        "mlagents_envs_version": "0.26.0",
        "communication_protocol_version": "1.5.0",
        "pytorch_version": "1.7.1+cu110",
        "numpy_version": "1.21.6",
        "end_time_seconds": "1680627706"
    },
    "total": 414.6655438,
    "count": 1,
    "self": 0.005908499999975447,
    "children": {
        "run_training.setup": {
            "total": 0.07687120000000003,
            "count": 1,