{
    "name": "root",
    "gauges": {
        "Enemy.Policy.Entropy.mean": {
            "value": 2.5868234634399414,
            "min": 1.9534815549850464,
            "max": 3.38504695892334,
            "count": 19
        },
        "Enemy.Policy.Entropy.sum": {
            "value": 51902.02734375,
            "min": 38944.609375,
            "max": 67484.296875,
            "count": 19
        },
        "Enemy.Environment.EpisodeLength.mean": {
            "value": 197.72222222222223,
            "min": 103.5,
            "max": 259.4,
            "count": 19
        },
        "Enemy.Environment.EpisodeLength.sum": {
            "value": 21354.0,
            "min": 9936.0,
            "max": 26962.0,
            "count": 19
        },
        "Enemy.Self-play.ELO.mean": {
            "value": 1136.0899746974546,
            "min": 1136.0899746974546,
            "max": 1173.6149825505488,
            "count": 19
        },
        "Enemy.Self-play.ELO.sum": {
            "value": 61348.858633662545,
            "min": 36799.16618636213,
            "max": 86810.10791021748,
            "count": 19
        },
        "Enemy.Step.mean": {
            "value": 249973.0,
            "min": 69961.0,
            "max": 249973.0,
            "count": 19
        },
        "Enemy.Step.sum": {
            "value": 249973.0,
            "min": 69961.0,
            "max": 249973.0,
            "count": 19
        },
        "Enemy.Policy.ExtrinsicValueEstimate.mean": {
            "value": -0.08643142133951187,
            "min": -0.2191912829875946,
            "max": 0.20172178745269775,
            "count": 19
        },
        "Enemy.Policy.ExtrinsicValueEstimate.sum": {
            "value": -16.076244354248047,
            "min": -40.98876953125,
            "max": 35.90647888183594,
            "count": 19
        },
        "Enemy.Environment.CumulativeReward.mean": {
            "value": -0.16068519466056455,
            "min": -0.5338823632017582,
            "max": 0.268999990068316,
            "count": 19
        },
        "Enemy.Environment.CumulativeReward.sum": {
            "value": -8.677000511670485,
            "min": -27.228000523289666,
            "max": 12.394999918527901,
            "count": 19
        },
        "Enemy.Policy.ExtrinsicReward.mean": {
            "value": -0.16068519466056455,
            "min": -0.5338823632017582,
            "max": 0.268999990068316,
            "count": 19
        },
        "Enemy.Policy.ExtrinsicReward.sum": {
            "value": -8.677000511670485,
            "min": -27.228000523289666,
            "max": 12.394999918527901,
            "count": 19
        },
        "Enemy.Losses.PolicyLoss.mean": {
            "value": 0.24388821052347795,
            "min": 0.2375785932382741,
            "max": 0.24854127562852607,
            "count": 19
        },
        "Enemy.Losses.PolicyLoss.sum": {
            "value": 17.80383936821389,
            "min": 13.569012889554882,
            "max": 19.164698577823543,
            "count": 19
        },
        "Enemy.Losses.ValueLoss.mean": {
            "value": 0.09678296458653853,
            "min": 0.04405638947777631,
            "max": 0.12045336340048006,
            "count": 19
        },
        "Enemy.Losses.ValueLoss.sum": {
            "value": 7.065156414817312,
            "min": 3.3535604528437375,
            "max": 7.704479636857278,
            "count": 19
        },
        "Enemy.Policy.LearningRate.mean": {
            "value": 0.00022646256560837673,
            "min": 0.00022646256560837673,
            "max": 0.00028015382766802456,
            "count": 19
        },
        "Enemy.Policy.LearningRate.sum": {
            "value": 0.0165317672894115,
            "min": 0.014777219774260499,
            "max": 0.020811037462987698,
            "count": 19
        },
        "Enemy.Policy.Epsilon.mean": {
            "value": 0.17548751369863017,
            "min": 0.17548751369863017,
            "max": 0.19338460701754387,
            "count": 19
        },
        "Enemy.Policy.Epsilon.sum": {
            "value": 12.810588500000001,
            "min": 11.022922600000001,
            "max": 14.437012300000003,
            "count": 19
        },
        "Enemy.Policy.Beta.mean": {
            "value": 0.00037988881712328765,
            "min": 0.00037988881712328765,
            "max": 0.0004675845743859649,
            "count": 19
        },
        "Enemy.Policy.Beta.sum": {
            "value": 0.027731883649999997,
            "min": 0.024756123550000002,
            "max": 0.034741360269999993,
            "count": 19
        },
        "Enemy.IsTraining.mean": {
            "value": 1.0,
            "min": 1.0,
            "max": 1.0,
            "count": 19
        },
        "Enemy.IsTraining.sum": {
            "value": 1.0,
            "min": 1.0,
            "max": 1.0,
            "count": 19
        }
    },
    "metadata": {
        "timer_format_version": "0.1.0",
        "start_time_seconds": "1680692449",
        "python_version": "3.7.9 (tags/v3.7.9:13c94747c7, Aug 17 2020, 18:58:18) [MSC v.1900 64 bit (AMD64)]",
        "command_line_arguments": "C:\\Users\\thoma\\OneDrive - University of Sussex\\Year 3\\Individual Project\\Code\\Final Year Project\\venv\\Scripts\\mlagents-learn config\\config.yaml --run-id=Self_Play --resume",
        "mlagents_version": "0.26.0",
        "mlagents_envs_version": "0.26.0",
        "communication_protocol_version": "1.5.0",
        "pytorch_version": "1.7.1+cu110",
        "numpy_version": "1.21.6",
        "end_time_seconds": "1680693627"
    },
    "total": 1178.0057234,
    "count": 1,
    "self": 0.004822400000193738,
    "children": {
        "run_training.setup": {
            "total": 0.08278059999999998,
            "count": 1,
            "self": 0.08278059999999998
        },
        "TrainerController.start_learning": {
            "total": 1177.9181204,
            "count": 1,
            "self": 0.25482260001012946,
            "children": {
                "TrainerController._reset_env": {
                    "total": 4.416341200000083,
                    "count": 3,
                    "self": 4.416341200000083
                },
                "TrainerController.advance": {
                    "total": 1172.9880423999898,
                    "count": 12853,
                    "self": 0.2324687999798698,
                    "children": {
                        "env_step": {
                            "total": 250.1677561000017,
                            "count": 12853,
                            "self": 158.72008720000923,
                            "children": {
                                "SubprocessEnvManager._take_step": {
                                    "total": 91.298349199994,
                                    "count": 12853,
                                    "self": 1.1418441999835238,
                                    "children": {
                                        "TorchPolicy.evaluate": {
                                            "total": 90.15650500001047,
                                            "count": 24046,
                                            "self": 4.7942213000140725,
                                            "children": {
                                                "TorchPolicy.sample_actions": {
                                                    "total": 85.3622836999964,
                                                    "count": 24046,
                                                    "self": 85.3622836999964
                                                }
                                            }
                                        }
                                    }
                                },
                                "workers": {
                                    "total": 0.1493196999984674,
                                    "count": 12852,